linucb,neuralucb,neuralt,eenet
0.35098575409663024,0.35098575409663024,0.35098575409663024,0.35098575409663024
0.8924650444479857,0.8924650444479857,0.2924650444479857,0.8924650444479857
0.6924650444479857,1.198158483017778,0.598158483017778,1.198158483017778
0.7355560875255782,1.2412495260953706,0.6412495260953704,1.2412495260953706
0.705802099942579,1.8114955385123714,1.2114955385123714,1.8114955385123714
1.2760431870273332,2.3817366255971257,1.7817366255971256,2.3817366255971257
1.0760431870273333,2.4079727809449083,1.8079727809449082,2.4079727809449083
0.8760431870273333,2.6777423621990355,2.077742362199036,2.6777423621990355
0.9168855028078189,3.318584677979521,2.7185846779795213,3.318584677979521
0.7168855028078189,3.655816664903732,3.055816664903732,3.655816664903732
1.3559108106515576,4.29484197274747,3.694841972747471,4.29484197274747
1.3956297367226347,4.934560898818547,4.334560898818548,4.934560898818547
1.2230410552528244,5.361972217348737,4.761972217348738,5.361972217348737
1.6970251286501639,6.161972217348737,5.561972217348738,6.161972217348737
2.497025128650164,6.961972217348737,6.361972217348738,6.961972217348737
2.565711387422456,7.630658476121028,7.03065847612103,7.630658476121028
3.365711387422456,8.430658476121028,7.830658476121029,8.430658476121028
3.171437187643874,8.836384276342446,8.236384276342447,8.836384276342446
3.343844410300237,9.60879149899881,9.00879149899881,9.60879149899881
3.6675355207008247,10.408791498998811,9.808791498998811,10.408791498998811
3.4675355207008245,10.469096868322344,9.869096868322345,10.469096868322344
3.4352684108467852,11.036829758468304,10.436829758468305,11.036829758468304
3.315009949440408,11.516571297061928,10.916571297061928,11.516571297061928
3.642434405304445,12.316571297061929,11.716571297061929,12.316571297061929
3.705749222662,12.979886114419484,12.379886114419484,12.979886114419484
3.57247244574904,13.446609337506525,12.846609337506525,13.446609337506525
3.817770518975731,14.246609337506525,13.646609337506526,14.246609337506525
3.617770518975731,14.633899932002823,14.033899932002823,14.633899932002823
3.6979621259513724,15.314091538978465,14.714091538978465,15.314091538978465
3.6854702508893555,15.901599663916448,15.301599663916448,15.901599663916448
3.765982234558175,16.58211164758527,15.982111647585267,16.58211164758527
3.5659822345581746,16.526428192232586,15.926428192232585,16.526428192232586
3.470031401979555,17.03047735965397,16.430477359653967,17.03047735965397
3.687344680666325,17.83047735965397,17.230477359653968,17.83047735965397
3.4873446806663253,18.083713886023013,17.48371388602301,18.083713886023013
3.753597775657632,18.883713886023013,18.283713886023012,18.883713886023013
3.590938697156205,19.321054807521588,18.721054807521586,19.321054807521588
4.0788397343201375,20.12105480752159,19.521054807521587,20.12105480752159
4.878839734320137,20.92105480752159,20.321054807521588,20.92105480752159
4.719781363559401,21.36199643676085,20.76199643676085,21.36199643676085
4.5197813635594,21.640456462762227,21.040456462762226,21.640456462762227
4.368370879202409,22.089045978405235,21.489045978405233,22.089045978405235
4.303065363918881,22.623740463121706,22.023740463121705,22.623740463121706
4.293396472595668,23.214071571798492,22.61407157179849,23.214071571798492
4.636953069705896,24.014071571798492,23.41407157179849,24.014071571798492
4.752906332224309,24.730024834316904,24.130024834316902,24.730024834316904
4.791097963512245,25.36821646560484,24.768216465604837,25.36821646560484
4.591097963512245,25.551079797739163,24.951079797739162,25.551079797739163
4.3910979635122445,25.947994310868626,25.347994310868625,25.947994310868626
4.820010010121065,26.747994310868627,26.147994310868626,26.747994310868627
4.622784819302626,27.15076912005019,26.550769120050187,27.15076912005019
4.638309503427521,27.766293804175085,27.166293804175083,27.766293804175085
4.741386103519308,28.469370404266872,27.86937040426687,28.469370404266872
4.541386103519308,28.785867517614612,28.18586751761461,28.785867517614612
4.341386103519308,28.976567660865825,28.376567660865824,28.976567660865825
4.141386103519308,29.197183625130965,28.597183625130963,29.197183625130965
4.2931513604861,29.948948882097756,29.348948882097755,29.948948882097756
4.285915073241464,30.54171259485312,29.94171259485312,30.54171259485312
4.086536043820395,30.94233356543205,30.34233356543205,30.94233356543205
3.886536043820395,31.149670027295343,30.549670027295342,31.149670027295343
3.930288315173982,31.79342229864893,31.19342229864893,31.79342229864893
3.885986008173127,32.349119991648074,31.749119991648076,32.349119991648074
4.117886500374936,33.14911999164807,32.54911999164808,33.14911999164807
4.376748487599137,33.94911999164807,33.349119991648074,33.94911999164807
4.176748487599137,34.20536224492981,33.605362244929815,34.20536224492981
3.976748487599137,34.29849023635856,33.698490236358566,34.29849023635856
3.898351524073237,34.82009327283266,34.22009327283266,34.82009327283266
3.698351524073237,35.01903340346505,34.41903340346506,35.01903340346505
3.498351524073237,35.41054259595076,34.810542595950764,35.41054259595076
3.591887450454774,36.104078522332294,35.5040785223323,36.104078522332294
3.3918874504547745,36.49565984067977,35.89565984067978,36.49565984067977
3.1918874504547743,36.53424887073998,35.934248870739985,36.53424887073998
3.1026352621877598,37.04499668247296,36.44499668247297,37.04499668247296
2.9026352621877596,37.075603585728764,36.47560358572877,37.075603585728764
3.5885587934146828,37.87560358572876,37.27560358572877,37.87560358572876
3.388558793414683,38.12903283441619,37.5290328344162,38.12903283441619
3.2624446729432317,38.60291871394474,38.002918713944744,38.60291871394474
3.252146878082992,39.1926209190845,38.5926209190845,39.1926209190845
3.124618645122341,39.66509268612385,39.065092686123855,39.66509268612385
3.6208893195026093,40.465092686123846,39.86509268612385,40.465092686123846
3.586790885853863,41.0309942524751,40.4309942524751,41.0309942524751
3.3867908858538627,41.42386048102157,40.823860481021576,41.42386048102157
3.1867908858538625,41.48049226759912,40.880492267599124,41.48049226759912
3.242271951335957,42.13597333308121,41.535973333081216,42.13597333308121
3.384820032203913,42.878521413949166,42.27852141394917,42.878521413949166
3.4353471452792737,43.52904852702453,42.929048527024534,43.52904852702453
3.235347145279274,43.75442789171391,43.154427891713915,43.75442789171391
3.0367218123813684,44.155802558816006,43.55580255881601,44.155802558816006
3.09564987351148,44.81473061994612,44.214730619946124,44.81473061994612
2.8956498735114797,45.16075039001211,44.56075039001212,45.16075039001211
2.7665266087070677,45.6316271252077,45.031627125207706,45.6316271252077
2.5665266087070675,45.84103362804783,45.24103362804784,45.84103362804783
2.6771425368702735,46.55164955621104,45.951649556211045,46.55164955621104
2.675441180849604,47.14994820019037,46.54994820019038,47.14994820019037
2.693073626789251,47.76758064613002,47.16758064613003,47.76758064613002
3.0321281112288867,48.56758064613002,47.967580646130024,48.56758064613002
2.8432920281095138,48.97874456301064,48.37874456301065,48.97874456301064
2.664975446455547,49.40042798135668,48.800427981356684,49.40042798135668
2.5634414094628086,49.89889394436394,49.29889394436395,49.89889394436394
2.5338175494753528,50.46927008437648,49.86927008437649,50.46927008437648
3.333817549475353,50.89388130699161,50.293881306991615,51.26927008437648
3.9600111463049608,51.02007490382122,50.420074903821224,51.89546368120609
4.062825501262991,51.122889258779246,50.52288925877925,52.498278036164116
4.803508682029477,51.363572439545734,50.76357243954574,53.238961216930605
4.85189439552928,51.41195815304554,50.811958153045545,53.78734693043041
4.730679138484919,51.29074289600118,50.69074289600118,54.16613167338605
4.530679138484919,51.090742896001174,50.49074289600118,54.10027590302289
4.478305794635367,51.03836955215162,50.43836955215163,54.54790255917334
4.401040677418538,50.96110443493479,50.361104434934795,54.970637441956505
4.423374452148388,50.98343820966464,50.38343820966465,55.49297121668636
4.999005816738101,51.55906957425435,50.95906957425436,56.292971216686354
5.006959979372866,51.56702373688912,50.967023736889125,56.80092537932112
4.988890916390558,51.54895467390681,50.94895467390682,57.282856316338815
4.7888909163905575,51.34895467390681,50.748954673906816,57.08285631633881
5.346599205824894,51.40666296334115,50.806662963341154,57.64056460577315
5.256135003124811,51.316198760641065,50.71619876064107,58.05010040307307
5.266548534036384,51.326612291552635,50.72661229155264,58.56051393398464
5.617151945322243,51.677215702838495,51.0772157028385,59.360513933984635
5.774305100967737,51.47721570283849,50.8772157028385,59.51766708963013
6.048725191161705,51.27721570283849,50.677215702838495,59.7920871798241
6.311415607048791,51.07721570283849,50.47721570283849,60.05477759571119
6.5842318434872125,51.35003193927691,50.750031939276916,60.82759383214961
6.384231843487212,51.15003193927691,50.55003193927691,60.90675553886878
6.804787162324897,51.57058725811459,50.9705872581146,61.70675553886878
6.628730034184816,51.39453012997451,50.79453012997452,62.0306984107287
6.428730034184816,51.19453012997451,50.594530129974515,61.873561722985706
6.725890931724022,51.49169102751372,50.89169102751372,62.67072262052491
7.395780250604854,51.66158034639455,51.06158034639456,63.34061193940575
7.865884841078561,51.63168493686826,51.03168493686827,63.81071652987946
8.016927537313421,51.78272763310312,51.18272763310313,64.46175922611431
8.48212656663326,52.24792666242296,51.64792666242297,65.26175922611431
8.461557674191452,52.227357769981154,51.62735776998116,65.7411903336725
8.780248788309283,52.54604888409899,51.94604888409899,66.5411903336725
8.63817105911873,52.40397115490843,51.80397115490844,66.89911260448194
8.913998329388871,52.679798425178575,52.07979842517858,67.67493987475208
8.713998329388872,52.47979842517857,51.87979842517858,67.70995955324682
8.948974317089743,52.71477441287944,52.11477441287945,68.4449355409477
9.545592771951446,52.81139286774115,52.211392867741154,69.0415539958094
9.345592771951447,52.611392867741145,52.01139286774115,69.2974988305985
9.714852066881633,52.98065216267133,52.38065216267134,70.0974988305985
9.646614086500394,52.91241418229009,52.3124141822901,70.52926085021726
9.446614086500395,52.71241418229009,52.112414182290095,70.63711802393253
9.928859056868763,53.19465915265846,52.594659152658465,71.43711802393253
9.873468899309072,53.13926899509877,52.53926899509877,71.88172786637284
9.795504061034546,53.06130415682424,52.46130415682425,72.30376302809832
9.595504061034546,52.86130415682424,52.261304156824245,72.56921616656513
9.96658927429797,53.23238937008767,52.63238937008767,73.36921616656512
10.362726258223253,53.62852635401295,53.02852635401295,74.16921616656512
10.206143788538183,53.47194388432788,52.871943884327884,74.51263369688006
10.617048386568227,53.38284848235792,52.78284848235793,74.9235382949101
10.541900531464464,53.30770062725416,52.70770062725416,75.34839043980634
10.43796606861537,53.20376616440507,52.60376616440507,75.74445597695724
10.641973485088918,53.40777358087861,52.80777358087862,76.44846339343079
10.572297375940618,53.33809747173031,52.73809747173031,76.87878728428248
10.484375633951014,53.250175729740704,52.65017572974071,77.29086554229288
10.698681059358925,53.46448115514861,52.86448115514862,78.00517096770079
10.498681059358926,53.26448115514861,52.664481155148614,77.94543861435737
10.35653118308539,53.12233127887507,52.52233127887508,78.30328873808384
10.713922232246185,53.47972232803587,52.879722328035875,79.10328873808383
10.516956149656036,53.28275624544572,52.682756245445724,79.40632265549368
10.809360650724232,53.575160746513916,52.97516074651392,80.19872715656187
10.609360650724232,53.37516074651391,52.77516074651392,80.46260177543914
10.409360650724233,53.17516074651391,52.575160746513916,80.61502310173692
10.655565346229746,53.42136544201942,52.82136544201943,81.36122779724244
10.455565346229747,53.22136544201942,52.621365442019425,81.57221495846913
10.331731068148798,53.09753116393847,52.497531163938476,81.94838068038818
10.131731068148799,52.89753116393847,52.29753116393847,82.20176263238983
9.9317310681488,52.697531163938464,52.09753116393847,82.13272473759365
10.005347502949661,52.771147598739326,52.17114759873933,82.7063411723945
10.231468352256908,52.997268448046576,52.39726844804658,83.43246202170175
10.498322681144565,53.26412277693423,52.664122776934235,84.19931635058941
10.743065766634196,53.50886586242386,52.908865862423866,84.94405943607904
10.766196279458427,53.53199637524809,52.9319963752481,85.46718994890328
10.663850687013435,53.4296507828031,52.82965078280311,85.86484435645829
10.580843447214429,53.3466435430041,52.746643543004105,86.28183711665929
10.38084344721443,53.146643543004096,52.5466435430041,86.53368214194849
10.376942879651057,53.142742975440726,52.54274297544073,87.02978157438511
10.176942879651058,52.94274297544072,52.34274297544073,87.09372135123792
10.256339929622445,53.02214002541211,52.42214002541211,87.67311840120931
10.056339929622446,52.822140025412104,52.22214002541211,87.4731184012093
9.868639725292944,52.6344398210826,52.03443982108261,87.7854181968798
10.12578699221783,52.89158708800748,52.29158708800749,88.54256546380469
10.447054741636164,53.212854837425816,52.61285483742582,89.34256546380469
10.302313017063208,53.06811311285286,52.46811311285287,89.69782373923174
10.369351852660962,53.13515194845062,52.535151948450626,90.2648625748295
10.169351852660963,52.93515194845062,52.33515194845062,90.55066242660186
10.0273805652889,52.79318066107855,52.19318066107856,90.9086911392298
10.04922923908596,52.81502933487561,52.21502933487562,91.43053981302687
10.303267354506481,53.06906745029613,52.46906745029614,92.1845779284474
10.75772152191224,53.52352161770189,52.923521617701894,92.9845779284474
10.891676007532347,53.657476103322,53.057476103322,93.6185324140675
10.691676007532347,53.457476103321994,52.857476103322,93.86161277577047
10.627447884293286,53.39324798008293,52.79324798008294,94.2973846525314
11.001169517906883,53.76696961369653,53.16696961369654,95.0973846525314
10.949215240151528,53.715015335941175,53.11501533594118,95.54543037477605
10.833620026232877,53.59942012202252,52.99942012202253,95.9298351608574
11.098777257093216,53.86457735288286,53.26457735288287,96.69499239171773
11.052659725309558,53.818459821099204,53.21845982109921,97.14887485993407
11.035197109775758,53.8009972055654,53.20099720556541,97.63141224440027
11.378088199124946,54.14388829491459,53.543888294914595,98.43141224440026
11.770751991020461,54.536552086810104,53.93655208681011,98.32407603629578
12.10251663310999,54.868316728899636,54.26831672889964,98.1558406783853
11.902516633109991,55.043401355947054,54.44340135594706,97.9558406783853
11.702516633109992,55.22726074033658,54.62726074033659,97.7558406783853
12.11581744349712,56.02726074033658,55.427260740336585,98.16914148877242
12.897164955471657,56.80860825231112,56.20860825231112,98.45048900074696
13.24265437530906,57.15409767214852,56.55409767214852,98.29597842058436
13.588518590035397,57.49996188687486,56.89996188687486,98.1418426353107
13.434004284143583,57.84544758098304,57.24544758098305,97.98732832941889
13.234004284143584,57.64544758098304,57.045447580983044,97.78732832941888
13.062737130935634,57.97418042777509,57.374180427775094,97.61606117621093
12.862737130935635,58.13351073572091,57.53351073572092,97.41606117621093
12.662737130935636,58.34731020667295,57.74731020667296,97.21606117621093
12.467319755543896,58.65189283128121,58.051892831281215,97.02064380081919
12.561900528935999,59.24647360467331,58.64647360467332,97.1152245742113
12.361900528936,59.51878283852533,58.91878283852534,96.9152245742113
12.59374809329727,60.25063040288661,59.65063040288661,97.14707213857257
12.664793675319272,60.82167598490861,60.221675984908615,97.21811772059458
12.810402739668003,61.46728504925734,60.86728504925735,97.36372678494331
12.785840497852107,61.94272280744144,61.34272280744145,97.33916454312741
12.585840497852107,61.74832523743939,61.148325237439394,97.13916454312741
13.146020055629632,62.548325237439386,61.94832523743939,97.69934410090494
13.440141998517278,62.842447180327035,62.24244718032704,97.49934410090493
13.923956759874175,63.64244718032703,63.04244718032704,97.98315886226183
14.565536319611004,64.28402674006387,63.68402674006387,98.12473842199866
14.365536319611005,64.45734156097366,63.85734156097366,97.92473842199865
14.346252313882365,64.93805755524502,64.33805755524502,97.90545441627002
14.669575747261158,65.73805755524502,65.13805755524501,98.22877784964881
14.884166860039148,66.45264866802302,65.85264866802301,98.4433689624268
15.180287535358746,66.74876934334262,66.14876934334261,98.2433689624268
15.399397524873887,67.46787933285776,66.86787933285775,98.46247895194195
15.334459947999294,67.90294175598316,67.30294175598316,98.39754137506735
15.32078839602815,68.38927020401202,67.78927020401201,98.3838698230962
15.516268500309895,69.08475030829376,68.48475030829375,98.57934992737795
15.316268500309896,68.94156708149616,68.34156708149615,98.37934992737794
15.126092793614493,69.25139137480076,68.65139137480075,98.18917422068255
15.733635569611776,70.05139137480076,69.45139137480075,98.79671699667983
16.17769927518095,70.49545508036994,69.89545508036993,98.74078070224901
16.376235214611466,71.19399101980045,70.59399101980044,98.93931664167953
16.176235214611467,71.43826101936158,70.83826101936157,98.73931664167952
16.413991436141277,72.17601724089138,71.57601724089137,98.97707286320933
16.448412368581348,72.71043817333145,72.11043817333145,99.0114937956494
16.29691618488721,73.05894198963732,72.45894198963731,98.85999761195527
16.09691618488721,73.29921543138629,72.69921543138628,98.65999761195526
16.457005107003944,74.09921543138628,73.49921543138628,99.020086534072
16.55735547775623,74.69956580213857,74.09956580213856,99.12043690482427
16.699839071104517,75.34204939548685,74.74204939548684,99.26292049817256
16.89583784087663,76.03804816525897,75.43804816525896,99.45891926794468
16.69583784087663,76.00841189317464,75.40841189317463,99.25891926794468
16.574343327588345,76.38691737988636,75.78691737988635,99.1374247546564
16.95260851388886,77.18691737988635,76.58691737988634,99.5156899409569
16.75260851388886,77.41155879576992,76.81155879576991,99.3156899409569
16.55260851388886,77.27491193666613,76.67491193666612,99.1156899409569
16.35260851388886,77.46517235850078,76.86517235850077,98.9156899409569
16.808419503675065,78.26517235850078,77.66517235850077,99.3715009307431
16.95368972553494,78.91044258036065,78.31044258036064,99.51677115260297
16.75368972553494,79.03036923560467,78.43036923560466,99.31677115260297
16.965990565220576,79.7426700752903,79.1426700752903,99.5290719922886
16.832844736776707,80.10952424684643,79.50952424684642,99.39592616384473
16.632844736776708,80.37713403081763,79.77713403081762,99.19592616384473
16.91092387825013,81.15521317229106,80.55521317229105,99.47400530531816
17.428781485068672,81.6730707791096,81.07307077910959,99.4918629121367
18.228781485068673,82.47307077910959,81.87307077910958,100.2918629121367
18.53609777746896,83.27307077910959,82.67307077910958,100.59917920453698
18.61186822288691,83.84884122452753,83.24884122452752,100.67494964995493
19.41186822288691,84.64884122452753,84.04884122452752,101.04928460454438
19.21186822288691,84.65911783334803,84.05911783334803,100.84928460454438
19.6409106362751,85.45911783334803,84.85911783334802,101.27832701793257
19.772923982284194,86.09113117935712,85.49113117935711,101.41034036394166
19.733701809098367,86.55190900617129,85.95190900617128,101.37111819075582
19.533701809098368,86.61952701945145,86.01952701945144,101.17111819075582
19.9644604544522,87.41952701945145,86.81952701945144,101.60187683610965
19.764460454452202,87.57057789380497,86.97057789380496,101.40187683610965
19.761390536146326,88.06750797549908,87.46750797549907,101.39880691780377
20.555843131460712,88.86196057081347,88.26196057081346,101.69325951311815
20.41721208918173,89.22332952853448,88.62332952853447,101.55462847083916
20.35749418050969,89.66361161986244,89.06361161986243,101.49491056216712
20.537559243657327,90.34367668301007,89.74367668301007,101.67497562531476
20.516618618160322,90.82273605751307,90.22273605751306,101.65403499981775
20.63221269721885,91.4383301365716,90.83833013657159,101.76962907887628
20.598157493643477,91.90427493299622,91.30427493299621,101.7355738753009
20.399518291287162,92.2056357306399,91.60563573063989,101.53693467294458
20.199518291287163,92.22983068579629,91.62983068579628,101.33693467294458
20.570862940935218,93.02983068579628,92.42983068579628,101.70827932259263
20.37086294093522,92.8899206733994,92.2899206733994,101.50827932259263
20.95648928079197,93.6899206733994,93.08992067339939,102.09390566244937
21.002024809302647,94.23545620191007,93.63545620191006,102.13944119096004
20.825529647357275,94.5589610399647,93.95896103996469,101.96294602901467
20.741232087036764,94.97466347964419,94.37466347964418,101.87864846869417
20.928041942982944,95.66147333559037,95.06147333559036,102.06545832464035
20.990478618090126,96.22391001069755,95.62391001069754,102.12789499974753
21.138378898487776,96.8718102910952,96.27181029109519,102.27579528014518
21.31518832557104,97.54861971817847,96.94861971817846,102.45260470722845
21.11518832557104,97.79373908907216,97.19373908907215,102.25260470722844
21.008083679781524,98.18663444328264,97.58663444328263,102.14550006143892
21.21595655835972,98.89450732186084,98.29450732186083,102.35337294001712
21.015956558359722,99.12462735923087,98.52462735923086,102.15337294001712
20.92376670209674,99.5324375029679,98.93243750296789,102.06118308375414
20.72376670209674,99.7885788673162,99.1885788673162,101.86118308375414
20.534878049519655,100.09969021473913,99.49969021473912,101.67229443117706
21.283576552796276,100.84838871801576,100.24838871801575,102.4209929344537
21.351630864855366,101.51644303007484,100.91644303007483,103.08904724651278
21.627442783318386,101.79225494853786,101.19225494853785,103.3648591649758
21.427442783318387,102.10914386890782,101.50914386890781,103.68174808534576
21.333713261507633,102.61541434709707,102.01541434709706,104.18801856353501
21.198515046515,103.08021613210444,102.48021613210443,104.65282034854238
21.31521557777847,103.19691666336792,102.5969166633679,104.76952087980585
21.39268699442922,103.87438808001866,103.27438808001865,105.4469922964566
21.72855778007821,104.21025886566765,103.61025886566765,105.78286308210559
21.689215575808376,104.77091666139782,104.17091666139781,106.34352087783576
22.254519936776543,105.33622102236599,104.73622102236598,106.90882523880393
22.054519936776543,105.50658796676983,104.90658796676982,107.07919218320777
21.854519936776544,105.75896306207342,105.15896306207341,107.33156727851136
21.654519936776545,106.01491017127323,105.41491017127322,107.58751438771117
21.454519936776546,106.12326652912694,105.52326652912693,107.69587074556487
21.34821878428672,106.61696537663711,106.0169653766371,108.18956959307505
21.14821878428672,106.91237948524862,106.31237948524861,108.48498370168656
21.141298811264758,107.50545951222666,106.90545951222666,109.0780637286646
20.944048905518226,107.90820960648013,107.30820960648012,109.48081382291807
20.883091821828533,108.44725252279044,107.84725252279043,110.01985673922837
20.75399303233072,108.91815373329263,108.31815373329262,110.49075794973056
20.55399303233072,109.23960662566155,108.63960662566154,110.81221084209949
20.69945923730076,109.9850728306316,109.38507283063159,111.55767704706953
20.499459237300762,109.85735664792595,109.25735664792595,111.42996086436389
20.701264451750674,110.65735664792595,110.05735664792594,112.22996086436389
20.965521035586995,111.45735664792595,110.85735664792594,113.02996086436389
21.118087773536974,111.60992338587593,111.00992338587592,113.18252760231387
20.918087773536975,111.87242457768706,111.27242457768705,113.445028794125
20.718087773536976,112.18518863257141,111.5851886325714,113.75779284900935
20.518087773536976,112.49668497979212,111.89668497979211,114.06928919623006
20.42176180539105,113.0003590116462,112.40035901164619,114.57296322808413
20.5909381168368,113.76953532309194,113.16953532309194,115.34213953952988
20.46819674937868,114.24679395563382,113.64679395563381,115.81939817207176
20.571345262832313,114.94994246908745,114.34994246908744,116.52254668552538
20.371345262832314,115.15740654906212,114.55740654906211,116.73001076550005
20.315462477282956,115.70152376351275,115.10152376351274,117.27412797995069
20.46311163632071,116.4491729225505,115.8491729225505,118.02177713898844
20.45952738881661,117.0455886750464,116.4455886750464,118.61819289148434
20.83564795253392,117.42170923876371,116.8217092387637,118.99431345520165
21.504765318375114,118.0908266046049,117.49082660460489,119.66343082104284
21.651431437045044,118.83749272327483,118.23749272327483,120.41009693971277
21.47832527359747,119.26438655982726,118.66438655982725,120.8369907762652
21.304835302264852,119.69089658849464,119.09089658849463,121.26350080493258
21.35691825487619,120.34297954110598,119.74297954110597,121.91558375754391
21.39822974656169,120.98429103279148,120.38429103279147,122.55689524922941
21.228614765354397,121.41467605158418,120.81467605158417,122.98728026802212
21.563040067803595,122.21467605158418,121.61467605158417,123.78728026802212
21.88527920011656,123.01467605158417,122.41467605158417,124.58728026802211
22.00081246649229,123.7302093179599,123.1302093179599,125.30281353439784
21.964846612005847,124.29424346347346,123.69424346347346,125.8668476799114
21.771574342326446,124.70097119379406,124.10097119379405,126.273575410232
21.571574342326446,124.75836432870919,124.15836432870918,126.33096854514713
21.371574342326447,125.00106644174859,124.40106644174858,126.57367065818653
21.319555901315475,125.54904800073761,124.9490480007376,127.12165221717555
21.225260763686283,126.05475286310842,125.45475286310841,127.62735707954636
21.426019573077625,126.85475286310842,126.25475286310841,128.42735707954637
21.33157351387534,127.36030680390613,126.76030680390612,128.93291102034408
21.318171105551382,127.94690439558217,127.34690439558216,129.51950861202013
21.121355537449954,128.35008882748073,127.75008882748072,129.9226930439187
21.269524820515652,129.09825811054642,128.49825811054643,130.6708623269844
21.613720866243302,129.44245415627407,128.84245415627407,131.01505837271205
21.413720866243303,129.4826324823733,128.8826324823733,131.05523669881129
21.34634891078036,130.01526052691037,129.41526052691037,131.58786474334835
21.14634891078036,130.3947470102807,129.7947470102807,131.96735122671868
20.94634891078036,130.68770381276735,130.08770381276736,132.26030802920533
20.966715052346114,131.3080699543331,130.7080699543331,132.88067417077107
20.799487307802988,131.74084220978997,131.14084220978998,133.31344642622796
20.695709587568448,132.23706448955542,131.63706448955543,133.8096687059934
20.566406758003797,132.70776165999078,132.10776165999079,134.28036587642876
20.698309693160436,133.4396645951474,132.83966459514744,135.0122688115854
20.59095664088275,133.9323115428697,133.33231154286975,135.5049157593077
20.390956640882752,134.28291205549607,133.6829120554961,135.85551627193405
20.190956640882753,134.34756897315756,133.7475689731576,135.92017318959554
19.990956640882754,134.559787725332,133.95978772533203,136.13239194176998
19.790956640882754,134.41383298807852,133.81383298807856,135.9864372045165
19.92116090974917,135.14403725694493,134.54403725694496,136.7166414733829
19.72116090974917,135.38234106592873,134.78234106592876,136.9549452823667
19.566158308027664,135.82733846420723,135.22733846420726,137.3999426806452
19.366158308027664,135.67039758424193,135.07039758424196,137.2430018006799
19.50864779363421,136.41288706984847,135.8128870698485,137.98549128628645
19.660564346288442,137.1648036225027,136.56480362250272,138.73740783894067
19.74038213992165,137.8446214161359,137.24462141613594,139.4172256325739
20.277550857214592,138.64462141613592,138.04462141613595,140.2172256325739
20.33527736371882,139.30234792264014,138.70234792264017,140.87495213907812
21.06301716218493,140.03008772110624,139.43008772110628,141.60269193754422
20.91789902624207,140.48496958516338,139.88496958516342,142.05757380160136
20.71789902624207,140.88244279243023,140.28244279243026,142.4550470088682
20.51789902624207,140.81959154066547,140.2195915406655,142.39219575710345
20.31789902624207,141.03446438920966,140.4344643892097,142.60706860564764
20.390970122940793,141.70753548590838,141.10753548590841,143.28013970234636
20.5604945243453,142.4770598873129,141.87705988731292,144.04966410375087
20.360494524345302,142.82948413586095,142.229484135861,144.40208835229893
20.656564486451494,143.62948413586096,143.029484135861,145.20208835229894
20.456564486451494,143.58004650610465,142.98004650610469,145.15265072254263
20.256564486451495,143.72621446988828,143.1262144698883,145.29881868632626
20.297317182082907,144.3669671655197,143.76696716551973,145.93957138195768
20.71125754081017,145.1669671655197,144.56696716551974,146.7395713819577
20.51125754081017,145.26080545327008,144.66080545327011,146.83340966970806
20.445619494385955,145.79516740684588,145.1951674068459,147.36777162328386
20.245619494385956,145.92382251325384,145.32382251325387,147.49642672969182
21.045619494385956,146.40215081089215,145.8021508108922,148.29642672969183
21.72543200127209,146.58196331777827,145.9819633177783,148.97623923657795
21.723858891356635,146.58039020786282,145.98039020786285,149.4746661266625
21.709764713227212,146.5662960297334,145.96629602973343,149.96057194853307
22.344784354670985,146.70131567117716,146.1013156711772,150.59559158997683
22.157929374966734,146.51446069147292,145.91446069147295,150.9087366102726
22.478215503781513,146.8347468202877,146.23474682028774,151.7087366102726
22.5209293492879,146.8774606657941,146.27746066579414,152.251450455779
22.48484065977433,146.84137197628053,146.24137197628056,152.71536176626543
22.330509009556707,146.6870403260629,146.08704032606295,153.06103011604782
22.130509009556707,146.48704032606292,145.88704032606296,153.34754565262116
22.467901637108067,146.8244329536143,146.22443295361433,154.14754565262118
22.928135888328754,147.284667204835,146.68466720483502,154.9475456526212
22.728135888328755,147.084667204835,146.48466720483503,155.06424260605164
22.628441684734877,146.98497300124112,146.38497300124115,155.46454840245775
22.852987645701845,147.20951896220808,146.6095189622081,156.18909436342472
22.652987645701845,147.0095189622081,146.40951896220813,156.22374877076797
22.618285255413987,146.97481657192023,146.37481657192026,156.6890463804801
22.418285255413988,146.77481657192024,146.17481657192027,156.83525722526096
22.398029710990954,146.7545610274972,146.15456102749724,157.31500168083792
22.198029710990955,146.55456102749721,145.95456102749725,157.19677730337332
21.998029710990956,146.35456102749723,145.75456102749726,157.17017505064035
22.07271895553468,146.42925027204095,145.82925027204098,157.74486429518407
21.87271895553468,146.22925027204096,145.629250272041,157.95339300989775
21.679106170659136,146.03563748716542,145.43563748716545,158.2597802250222
21.479106170659136,145.83563748716543,145.23563748716546,158.3491907577625
21.768583208833167,146.12511452533946,145.5251145253395,159.13866779593653
21.568583208833168,145.92511452533947,145.3251145253395,159.432852357937
21.36858320883317,145.72511452533948,145.1251145253395,159.61532501188213
21.896205054760102,146.25273637126642,145.65273637126646,160.41532501188215
22.696205054760103,146.60771392506615,146.00771392506618,161.21532501188216
23.496205054760104,147.21948357839418,146.6194835783942,162.01532501188217
23.57702710509347,147.30030562872756,146.7003056287276,162.59614706221555
23.37702710509347,147.10030562872757,146.5003056287276,162.88088438547675
23.177027105093472,146.90030562872758,146.3003056287276,162.93017726984795
23.15479867096754,146.87807719460164,146.27807719460168,163.407948835722
22.95479867096754,146.67807719460166,146.0780771946017,163.41936417205062
23.36882910843201,147.09210763206613,146.49210763206617,164.21936417205063
23.879843840238557,147.60312236387267,147.0031223638727,165.01936417205064
23.896508149907543,147.61978667354165,147.0197866735417,165.53602848171963
23.78128851522575,147.50456703885988,146.9045670388599,165.92080884703785
23.79109693965398,147.5143754632881,146.91437546328814,166.43061727146608
24.41132956966594,148.13460809330007,147.5346080933001,167.2306172714661
24.438065581519776,148.16134410515392,147.56134410515395,167.75735328331993
24.82940643167123,148.55268495530538,147.95268495530541,168.55735328331994
24.62940643167123,148.3526849553054,147.75268495530543,168.85645151867092
24.519426957842178,148.24270548147635,147.64270548147638,169.24647204484188
24.801390893740386,148.52466941737455,147.9246694173746,170.02843598074008
25.455550968941395,148.67882949257557,148.0788294925756,170.6825960559411
25.77331502550808,148.99659354914226,148.3965935491423,171.48259605594112
25.79211875469003,149.0153972783242,148.41539727832424,172.00139978512306
25.59211875469003,148.8153972783242,148.21539727832425,172.21485708897268
25.887836568590693,149.11111509222488,148.5111150922249,173.01057490287334
25.73662261393534,148.95990113756952,148.35990113756955,173.35936094821798
25.89569989944707,149.11897842308124,148.51897842308128,174.0184382337297
26.133561749125775,149.35684027275994,148.75684027275997,174.7563000834084
26.165670857112143,149.3889493807463,148.78894938074635,175.28840919139478
26.476243553837957,149.69952207747212,149.09952207747216,176.0884091913948
26.642338345442113,149.8656168690763,149.26561686907633,176.75450398299895
27.001701713218768,150.22498023685296,149.624980236853,177.55450398299897
26.80170171321877,150.02498023685297,149.424980236853,177.46508644312405
26.79112264762725,150.01440117126145,149.4144011712615,177.95450737753254
27.001040300025025,150.22431882365922,149.62431882365925,178.6644250299303
26.93684632680476,150.16012485043896,149.560124850439,179.10023105671004
26.970544741712008,150.1938232653462,149.59382326534623,179.63392947161728
27.036835621571974,150.26011414520616,149.6601141452062,180.20022035147724
26.852585611558947,150.07586413519314,149.47586413519318,180.51597034146423
26.652585611558948,149.87586413519315,149.2758641351932,180.78871802845003
26.811735955842106,150.0350144794763,149.43501447947634,181.44786837273318
26.98448142803551,150.20775995166971,149.60775995166975,182.1206138449266
27.066996937181006,150.2902754608152,149.69027546081523,182.70312935407208
27.75757328660168,150.98085181023586,150.3808518102359,183.5031293540721
28.212130605261244,151.43540912889543,150.83540912889546,184.3031293540721
28.012130605261245,151.23540912889544,150.63540912889547,184.39306707383875
27.812130605261245,151.03540912889545,150.4354091288955,184.39957675978837
27.88684141712816,151.11011994076236,150.5101199407624,184.97428757165528
27.71387432821143,150.93715285184564,150.33715285184567,185.30132048273856
27.620499281848367,150.84377780548257,150.2437778054826,185.7079454363755
27.420499281848368,150.64377780548259,150.04377780548262,185.5079454363755
27.22049928184837,150.4437778054826,149.84377780548263,185.67207296294512
27.2588745592926,150.48215308292683,149.88215308292686,186.21044824038935
27.545536691472726,150.76881521510697,150.168815215107,186.9971103725695
28.02747058755,151.25074911118423,150.65074911118427,187.7971103725695
27.96643149678983,151.18971002042406,150.5897100204241,188.23607128180933
28.19333672037512,151.41661524400934,150.81661524400937,188.96297650539464
28.620012833254425,151.84329135688864,151.24329135688868,189.76297650539465
28.813984698527182,152.0372632221614,151.43726322216145,190.45694837066742
29.138449099611503,152.36172762324574,151.76172762324578,191.25694837066743
28.938449099611503,152.16172762324575,151.5617276232458,191.25080588014566
28.738449099611504,151.96172762324576,151.3617276232458,191.48631395306083
28.74084089200649,151.96411941564074,151.36411941564077,191.9887057454558
28.54084089200649,151.76411941564075,151.16411941564078,192.0447225037888
28.517630399712203,151.74090892334647,151.1409089233465,192.5215120114945
28.776015660110684,151.99929418374495,151.39929418374498,193.279897271893
28.576015660110684,151.79929418374496,151.199294183745,193.3229600487121
28.414342647005288,151.63762117063956,151.0376211706396,193.6612870356067
28.725516493303225,151.9487950169375,151.34879501693754,194.46128703560672
28.782618096728307,152.0058966203626,151.40589662036263,195.0183886390318
29.045303572743734,152.26858209637803,151.66858209637806,195.78107411504723
29.460143492033033,152.68342201566733,152.08342201566737,196.58107411504724
29.682290227773542,152.90556875140783,152.30556875140786,196.38107411504726
29.609465235632502,152.83274375926678,152.2327437592668,196.18107411504727
30.409465235632503,153.6327437592668,153.03274375926682,196.600644387193
30.240574464625332,153.96385298825962,153.36385298825965,196.43175361618583
30.43576723536188,154.65904575899617,154.0590457589962,196.62694638692238
31.081904850491288,155.3051833741256,154.70518337412562,196.7730840020518
31.75962302776295,155.98290155139725,155.38290155139728,196.95080217932346
32.01882025866689,156.74209878230118,156.14209878230122,197.2099994102274
32.004263770283444,157.22754229391774,156.62754229391777,197.19544292184395
32.253548805206755,157.97682732884104,157.37682732884107,197.44472795676725
32.1724117574728,158.39569028110708,157.7956902811071,197.3635909090333
32.18748319030754,158.9107617139418,158.31076171394184,197.37866234186802
32.75916760436746,159.48244612800173,158.88244612800176,197.45034675592794
33.03143670297994,160.2547152266142,159.65471522661423,197.7226158545404
33.204468102150436,160.9277466257847,160.32774662578473,197.8956472537109
33.00446810215043,161.20112925803696,160.601129258037,197.69564725371092
32.85419294586312,161.55085410174965,160.95085410174968,197.5453720974236
33.147459519302686,162.3441206751892,161.74412067518924,197.83863867086316
33.11765982767392,162.81432098356044,162.21432098356047,197.8088389792344
32.917659827673916,163.0889048465489,162.48890484654893,197.6088389792344
33.41848141201033,163.8889048465489,163.28890484654895,198.10966056357083
33.75547335429635,164.22589678883494,163.62589678883498,197.94665250585686
33.9542604819801,164.9246839165187,164.32468391651872,198.1454396335406
33.78308088140215,165.25350431594075,164.65350431594078,197.97426003296266
34.012058628364905,165.9824820629035,165.38248206290353,198.20323777992542
34.55352325856426,166.7824820629035,166.18248206290355,198.74470241012477
35.35352325856426,167.58248206290352,166.98248206290356,199.23296514148973
35.33909777456584,168.0680565789051,167.46805657890513,199.2185396574913
35.7611810240494,168.49013982838866,167.8901398283887,199.14062290697487
36.03247601158072,169.26143481591998,168.66143481592002,199.4119178945062
35.84089827394751,169.56985707828676,168.9698570782868,199.22034015687296
36.339354292628194,170.36985707828677,169.7698570782868,199.71879617555365
36.35917823222239,170.88968101788097,170.289681017881,199.73862011514785
37.15917823222239,171.689681017881,171.08968101788102,200.1019249750766
37.35472906456304,172.38523185022163,171.78523185022166,200.29747580741724
37.34050946316811,172.8710122488267,172.27101224882674,200.28325620602232
37.5986334727533,173.62913625841188,173.0291362584119,200.5413802156075
37.71400013602225,174.24450292168083,173.64450292168087,200.65674687887645
37.51400013602225,174.4426150789165,173.84261507891654,200.45674687887646
37.68706769687919,175.11568263977344,174.51568263977347,200.6298144397334
37.93636006325965,175.36497500615388,174.76497500615392,200.4298144397334
38.27527211965693,176.1649750061539,175.56497500615393,200.76872649613068
38.11633086628235,176.5060337527793,175.90603375277934,200.6097852427561
37.916330866282344,176.57356316658192,175.97356316658195,200.4097852427561
38.65782421632053,177.37356316658193,176.77356316658197,201.15127859279428
38.89689279296167,178.11263174322306,177.5126317432231,201.39034716943542
38.72377115480751,178.4395101050689,177.83951010506894,201.21722553128126
38.78468477062041,179.0004237208818,178.40042372088183,201.27813914709415
38.673341008609015,179.3890799588704,178.78907995887045,201.16679538508276
38.854536564623764,180.07027551488517,179.4702755148852,201.34799094109752
38.828559628381896,180.5442985786433,179.94429857864333,201.32201400485565
38.87526279899952,181.09100174926093,180.49100174926096,201.36871717547328
38.67526279899952,181.24066713076297,180.640667130763,201.1687171754733
38.598936546009156,181.66434087777262,181.06434087777265,201.09239092248293
38.497655747386595,182.06306007915006,181.4630600791501,200.99111012386038
38.62121883722334,182.6866231689868,182.08662316898685,201.11467321369713
38.767500704445084,183.33290503620856,182.7329050362086,201.26095508091888
38.89726816079097,183.96267249255445,183.36267249255448,201.39072253726476
38.77893251807748,184.34433684984097,183.744336849841,201.2723868945513
38.905227862323564,184.97063219408705,184.37063219408708,201.39868223879736
38.81829540525464,185.38369973701813,184.78369973701817,201.31174978172845
38.618295405254635,185.2610794974245,184.66107949742454,201.11174978172846
38.41829540525463,185.499742086395,184.89974208639504,200.91174978172847
38.51610246490498,186.09754914604537,185.4975491460454,201.00955684137884
38.31610246490498,186.2371849693962,185.63718496939623,200.80955684137885
38.438525076811445,186.85960758130267,186.2596075813027,200.93197945328532
39.0499624373648,187.65960758130268,187.0596075813027,201.5434168138387
39.35238833064002,188.4596075813027,187.85960758130273,201.84584270711392
40.152388330640015,189.2596075813027,188.65960758130274,202.40708028342166
40.257842375852405,189.8650616265151,189.26506162651512,202.51253432863405
40.25231686209554,190.3595361127582,189.75953611275824,202.50700881487717
40.05231686209554,190.35660491907564,189.75660491907567,202.30700881487718
39.954238649966285,190.75852670694638,190.15852670694642,202.20893060274793
40.019968808608944,191.32425686558904,190.72425686558907,202.27466076139058
39.81996880860894,191.575435191234,190.97543519123403,202.0746607613906
40.48330940131131,192.375435191234,191.77543519123404,202.73800135409294
40.41262503387874,192.80475082380144,192.20475082380148,202.66731698666038
40.21262503387874,193.07349126563534,192.47349126563537,202.4673169866604
40.65620090761269,193.87349126563535,193.27349126563539,202.91089286039434
40.45620090761269,194.03036505267326,193.4303650526733,202.71089286039435
40.35465198536436,194.42881613042493,193.82881613042497,202.60934393814603
40.479238359534605,195.05340250459517,194.4534025045952,202.73393031231626
40.28940379970272,195.36356794476328,194.7635679447633,202.54409575248437
40.089403799702716,195.18236008742196,194.582360087422,202.34409575248438
40.034843923185164,195.6278002109044,195.02780021090445,202.28953587596683
39.96037774729506,196.0533340350143,195.45333403501434,202.21506970007673
40.09818601715713,196.69114230487637,196.0911423048764,202.3528779699388
40.35313932799657,197.4460956157158,196.84609561571583,202.6078312807782
40.15313932799657,197.69699487075252,197.09699487075255,202.40783128077823
40.40996447576923,198.4538200185252,197.85382001852523,202.6646564285509
40.38849460460341,198.9323501473594,198.33235014735942,202.6431865573851
40.53179183863294,199.57564738138893,198.97564738138897,202.78648379141464
40.38809789090902,199.93195343366503,199.33195343366506,202.64278984369074
40.28799925932294,200.33185480207894,199.73185480207897,202.54269121210464
40.087999259322935,200.52059281880156,199.9205928188016,202.34269121210465
40.24100417897936,201.17359773845797,200.573597738458,202.49569613176106
40.32196665956737,201.75456021904597,201.154560219046,202.57665861234906
40.615595774302065,202.54818933378067,201.9481893337807,202.87028772708376
40.7488837523249,203.1814773118035,202.58147731180352,203.00357570510658
40.63569360441144,203.56828716389003,202.96828716389007,202.89038555719313
40.90859701941784,203.84119057889643,203.24119057889646,203.06328897219953
41.58524661667113,204.6178401761497,204.01784017614975,203.73993856945282
41.72436484063943,204.856958400118,204.25695840011804,203.8790567934211
41.52436484063943,204.95026704247653,204.35026704247656,203.87236543577964
41.400334369672315,205.3262365715094,204.72623657150945,204.14833496481253
41.20033436967231,205.263197827742,204.66319782774204,203.9852962210451
41.43247112940338,205.99533458747308,205.39533458747312,204.6174329807762
42.20586754039681,206.7953345874731,206.19533458747313,205.3908293917696
43.00586754039681,207.5953345874731,206.99533458747314,206.19082939176963
42.805867540396804,207.64652129402634,207.04652129402638,206.14201609832287
42.609557843490585,207.95021159712013,207.35021159712016,206.34570640141666
42.62623324476372,208.46688699839328,207.8668869983933,206.7623818026898
42.54224265686777,208.88289641049732,208.28289641049736,207.07839121479384
42.87988937105728,209.68289641049734,209.08289641049737,207.81603792898335
42.67988937105728,209.48289641049735,208.88289641049738,207.61603792898336
42.64112301646471,209.94413005590476,209.3441300559048,207.97727157439078
42.60830457808324,210.4113116175233,209.81131161752333,208.34445313600932
42.40830457808324,210.6935816303537,210.09358163035373,208.52672314883972
42.26400180856223,211.0492788608327,210.44927886083272,208.7824203793187
42.19683660127849,211.48211365354894,210.88211365354897,209.11525517203495
42.43397893791209,212.21925599018252,211.61925599018255,209.75239750866854
42.29253843077129,212.57781548304172,211.97781548304175,210.01095700152774
42.092538430771285,212.51320813409922,211.91320813409925,209.84634965258525
41.89253843077128,212.60958212025272,212.00958212025276,209.84272363873876
41.69253843077128,212.63162613226092,212.03162613226095,209.76476765074693
41.84590313370064,213.28499083519029,212.68499083519032,210.31813235367628
42.142784579778215,214.08187228126786,213.4818722812679,211.01501379975386
42.18052065580811,214.61960835729775,214.01960835729778,211.45274987578375
42.1638031821215,215.10289088361114,214.50289088361117,211.83603240209715
41.963803182121495,215.27463342806985,214.67463342806988,211.90777494655586
42.47154257103594,216.07463342806986,215.4746334280699,212.70777494655587
42.41267747519775,216.11576833223168,215.51576833223172,212.6489098507177
42.86007984477145,216.66317070180537,216.0631707018054,213.0963122202914
42.98814416575567,217.2912350227896,216.69123502278964,213.6243765412756
43.29177547833372,218.09123502278962,217.49123502278965,214.32800785385365
43.78823247989345,218.89123502278963,218.29123502278966,215.12800785385366
43.94128130470488,219.14428384760106,218.5442838476011,215.2810566786651
43.91928591454836,219.62228845744454,219.02228845744457,215.65906128850858
44.30627418447068,220.42228845744455,219.82228845744459,216.4460495584309
45.094797816089766,221.22228845744456,220.6222884574446,217.23457319004999
45.59553322587681,221.8230238672316,221.22302386723163,217.73530859983703
45.395533225876804,221.82231740964477,221.2223174096448,217.6346021422502
45.47341063128589,222.40019481505385,221.80019481505389,218.1124795476593
45.92435351722132,223.20019481505386,222.6001948150539,218.9124795476593
45.9980764364471,223.77391773427965,223.17391773427968,219.3862024668851
46.0798935073714,224.35573480520395,223.75573480520399,219.8680195378094
46.8798935073714,225.15573480520396,224.555734805204,220.6680195378094
47.39618196732674,225.6720232651593,225.07202326515934,221.08430799776477
47.46546232638934,226.24130362422193,225.64130362422196,221.55358835682736
47.26546232638934,226.5324417147779,225.93244171477792,221.74472644738333
47.06546232638934,226.4777548862943,225.87775488629433,221.59003961889974
46.865462326389334,226.63978537742997,226.03978537743,221.65207011003542
46.946128933555784,227.22045198459642,226.62045198459646,222.13273671720188
47.278086706178286,228.02045198459643,227.42045198459647,222.8646944898244
47.07808670617828,227.82045198459645,227.22045198459648,222.6646944898244
47.06032117597394,228.3026864543921,227.70268645439214,223.04692895962006
47.056142388400055,228.7985076668182,228.19850766681824,223.44275017204617
47.06337991453306,229.3057451929512,228.70574519295124,223.84998769817918
47.0039544863027,229.74631976472085,229.1463197647209,224.19056226994883
47.04726260987989,230.28962788829804,229.68962788829808,224.63387039352602
47.219361211943955,230.9617264903621,230.36172649036214,225.2059689955901
47.38341889431607,231.62578417273423,231.02578417273426,225.77002667796222
47.39324487538087,232.13561015379904,231.53561015379907,226.17985265902703
47.556272306721,232.79863758513918,232.1986375851392,226.74288009036715
47.77012604152415,233.5124913199423,232.91249131994235,227.3567338251703
47.73819697321658,233.98056225163475,233.38056225163479,227.72480475686274
47.814690138442835,234.557055416861,233.95705541686104,228.201297922089
47.61469013844283,234.6058575202862,234.00585752028624,228.15010002551418
48.40998108096073,235.40585752028622,234.80585752028625,228.9501000255142
48.20998108096073,235.57840546470948,234.9784054647095,229.02264796993745
48.00998108096073,235.7045799069602,235.10457990696023,229.04882241218817
48.631998150683174,236.5045799069602,235.90457990696024,229.84882241218818
48.73480442890728,237.1073861851843,236.50738618518434,230.3516286904123
48.84623668870602,237.71881844498304,237.11881844498308,230.86306095021104
49.268490197121366,238.51881844498305,237.9188184449831,231.66306095021105
49.50183520339863,239.25216345126032,238.65216345126035,232.29640595648831
50.23500795703838,240.05216345126033,239.45216345126036,233.02957871012805
50.035007957038374,240.02648231823323,239.42648231823327,232.90389757710096
49.83500795703837,240.245778800289,239.64577880028904,233.02319405915674
49.63500795703837,240.36431227179077,239.7643122717908,233.04172753065848
49.435007957038366,240.6478106525778,240.04781065257782,233.2252259114455
49.77372348840353,241.4478106525778,240.84781065257783,233.96394144281066
49.931079568287466,242.10516673246173,241.50516673246176,234.5212975226946
49.78426719991909,242.45835436409334,241.85835436409337,234.77448515432621
50.15090554258668,243.25835436409335,242.65835436409338,235.5411234969938
49.950905542586675,243.54445483504162,242.94445483504165,235.72722396794208
50.023003162034115,244.11655245448907,243.5165524544891,236.19932158738953
50.135449404298996,244.72899869675393,244.12899869675397,236.7117678296544
49.93544940429899,245.01571070629288,244.4157107062929,236.89847983919336
49.80217041085318,245.38243171284708,244.7824317128471,237.16520084574753
49.9104602605989,245.9907215625928,245.39072156259283,237.67349069549326
49.7104602605989,246.14292262158352,245.54292262158356,237.725691754484
50.03477925887887,246.94292262158353,246.34292262158357,238.45001075276394
50.34999857679559,247.25814193950026,246.6581419395003,238.25001075276396
50.14999857679559,247.58021156210975,246.9802115621098,238.05001075276397
50.74286250858979,248.17307549390395,247.57307549390399,238.04287468455817
50.545022601917154,248.5752355872313,247.97523558723134,237.84503477788553
50.820356674832745,249.37523558723132,248.77523558723135,238.12036885080113
51.043148569070674,249.59802748146925,248.99802748146928,237.92036885080114
50.99861921000357,250.15349812240214,249.55349812240217,237.87583949173404
51.05543611615928,250.81031502855785,250.2103150285579,237.93265639788976
51.24073334840821,250.99561226080678,250.39561226080681,237.73265639788977
51.95203645557104,251.7069153679696,251.10691536796963,237.8439595050526
52.27457484448011,252.5069153679696,251.90691536796965,238.16649789396166
53.074574844480104,253.30691536796962,252.70691536796966,238.53348664601884
52.8745748444801,253.62511238256593,253.02511238256596,238.33348664601886
53.158703650228986,254.42511238256594,253.82511238256598,238.61761545176773
52.95870365022898,254.39867412797062,253.79867412797066,238.41761545176774
53.4832824725941,255.19867412797063,254.59867412797067,238.94219427413287
53.47434556210709,255.1897372174836,254.58973721748364,238.74219427413288
53.9110403219463,255.62643197732282,255.02643197732286,238.5788890339721
53.84005425550742,256.15544591088394,255.55544591088398,238.50790296753323
53.9035299815501,256.81892163692663,256.21892163692667,238.57137869357592
53.7035299815501,257.199180802621,256.59918080262105,238.37137869357593
53.61482039227755,257.71047121334846,257.1104712133485,238.28266910430338
53.41482039227755,257.8794806487435,257.2794806487435,238.0826691043034
53.280552097678935,258.34521235414485,257.7452123541449,237.9484008097048
53.13546156924037,258.8001218257063,258.20012182570633,237.80331028126622
53.14454523290453,259.40920548937044,258.80920548937047,237.81239394493036
53.061628920020844,259.92628917648676,259.3262891764868,237.7294776320467
52.86928838935323,260.33394864581913,259.73394864581917,237.53713710137907
53.28233890715022,261.13394864581915,260.5339486458192,237.95018761917606
53.586794533781934,261.93394864581916,261.3339486458192,238.25464324580778
53.38679453378193,262.2109694176123,261.61096941761235,238.0546432458078
53.235534902343545,262.65970978617395,262.059709786174,237.9033836143694
53.19072990324935,263.2149047870798,262.6149047870798,237.8585786152752
53.08519972332973,263.70937460716016,263.1093746071602,237.7530484353556
52.88519972332973,264.1051000955517,263.5051000955517,237.5530484353556
52.94712762742253,264.7670279996445,264.1670279996445,237.61497633944842
53.08061904504323,265.5005194172652,264.90051941726523,237.7484677570691
52.92186546851392,265.9417658407359,265.34176584073595,237.5897141805398
53.11537730179843,266.73527767402044,266.1352776740205,237.7832260138243
52.91537730179843,267.1128018473061,266.51280184730615,237.58322601382432
53.715377301798426,267.9128018473061,267.31280184730616,237.99400109509565
53.515377301798424,268.1040551561084,267.50405515610845,237.79400109509567
53.31537730179842,268.4622759113845,267.86227591138453,237.59400109509568
53.13856838150426,268.8854669910903,268.28546699109035,237.41719217480153
52.938568381504254,269.09065969590665,268.4906596959067,237.21719217480154
52.73856838150425,269.09101736256787,268.4910173625679,237.01719217480155
52.53856838150425,269.2867063430624,268.68670634306244,236.81719217480156
52.99083065090374,270.0867063430624,269.48670634306245,237.26945444420105
53.27470374092445,270.88670634306243,270.28670634306246,237.55332753422175
53.36214931423316,271.57415191637114,270.97415191637117,237.64077310753046
53.25432199916991,272.0663246013079,271.4663246013079,237.53294579246722
53.05432199916991,272.41102689516714,271.8110268951672,237.33294579246723
53.172045143115945,273.1287500391132,272.5287500391132,237.45066893641328
53.01601511377282,273.5727200097701,272.9727200097701,237.29463890707015
53.14262999347882,274.2993348894761,273.6993348894761,237.42125378677613
53.22608533437641,274.98279023037367,274.3827902303737,237.50470912767372
53.54808366343087,275.7827902303737,275.1827902303737,237.8267074567282
53.725053637264146,276.55976020420695,275.959760204207,238.00367743056148
54.03055901894905,277.35976020420696,276.759760204207,238.30918281224638
54.22332099484225,278.15252218010016,277.5525221801002,238.50194478813958
54.023320994842244,278.33642964111783,277.73642964111787,238.3019447881396
54.208140661491825,279.1212493077674,278.52124930776745,238.48676445478918
54.00814066149182,278.9212493077674,278.32124930776746,238.2867644547892
53.80814066149182,279.27325393750317,278.6732539375032,238.0867644547892
53.65268982438336,279.7178031003947,279.1178031003947,237.93131361768073
53.810197158437724,280.47531043444906,279.8753104344491,238.0888209517351
53.61019715843772,280.76521747062634,280.1652174706264,237.8888209517351
53.682888506309055,281.43790881849765,280.8379088184977,237.96151229960645
53.54628556191545,281.901305874104,281.30130587410406,237.82490935521284
53.346285561915444,281.70130587410404,281.10130587410407,237.62490935521285
53.27510353183284,282.2301238440214,281.63012384402145,237.55372732513024
53.07510353183284,282.3853418461357,281.78534184613574,237.35372732513025
53.186056459370604,283.0962947736735,282.4962947736735,237.46468025266802
53.09655300651969,283.6067913208226,283.00679132082263,237.3751767998171
52.89655300651969,283.57555113013194,282.975551130132,237.1751767998171
52.98464312385602,284.2636412474683,283.6636412474683,237.26326691715343
52.784643123856014,284.2199066800692,283.6199066800692,237.06326691715344
52.58464312385601,284.50758109943257,283.9075810994326,236.86326691715345
52.653383156624294,285.1763211322008,284.57632113220086,236.93200694992174
52.45338315662429,285.48659881048417,284.8865988104842,236.73200694992175
52.25338315662429,285.6948324755962,285.0948324755962,236.53200694992177
52.053383156624285,286.008289486931,285.40828948693104,236.33200694992178
52.424450572591425,286.808289486931,286.20828948693105,236.7030743658889
52.54259172533889,287.5264306396785,286.92643063967853,236.82121551863636
52.51684731600434,288.10068623034397,287.500686230344,236.79547110930181
52.439177344734354,288.623016259074,288.02301625907404,236.71780113803183
52.23917734473435,288.9368146298088,288.3368146298088,236.51780113803184
52.085867044454375,289.3835043295288,288.78350432952885,236.36449083775187
52.386470352067406,290.18350432952883,289.58350432952886,236.6650941453649
52.1864703520674,290.56944497422705,289.9694449742271,236.4650941453649
51.9864703520674,290.88626925064193,290.28626925064196,236.2650941453649
51.7864703520674,291.2183321162626,290.61833211626265,236.06509414536492
51.586470352067394,291.3940978985962,290.79409789859625,235.86509414536494
51.38647035206739,291.64392125223156,291.0439212522316,235.66509414536495
51.18647035206739,292.006167228463,291.40616722846306,235.46509414536496
51.107520065504985,292.52721694190063,291.92721694190067,235.38614385880254
51.505808345559785,293.32721694190064,292.7272169419007,235.78443213885734
51.30580834555978,293.6983314761609,293.0983314761609,235.58443213885735
51.14350203941085,294.136025170012,293.536025170012,235.42212583270842
50.962028388252236,294.5545515188534,293.9545515188534,235.2406521815498
51.24505296099833,295.3545515188534,294.7545515188534,235.52367675429588
52.045052960998326,296.1545515188534,295.55455151885343,235.74799371641836
52.229107104998455,296.3386056628535,295.73860566285356,235.54799371641838
52.74097365115545,296.85047220901055,296.2504722090106,235.45986026257538
53.036523441943665,297.14602199979873,296.54602199979877,235.2598602625754
52.92802792910453,297.6375264869596,297.0375264869596,235.15136474973625
52.81910108725581,298.12859964511085,297.5285996451109,235.04243790788752
52.61910108725581,298.34711450331804,297.7471145033181,234.84243790788753
52.67391450572102,299.00192792178325,298.4019279217833,234.89725132635274
52.545078272638726,299.47309168870095,298.873091688701,234.76841509327045
52.58376085925024,300.1117742753125,299.5117742753125,234.80709767988196
52.614109727479935,300.7421231435422,300.1421231435422,234.83744654811167
52.606861364520526,301.33487478058277,300.7348747805828,234.83019818515226
53.040221233030415,301.7682346490927,301.1682346490927,234.66355805366214
53.08384581952946,302.4118592355917,301.8118592355917,234.7071826401612
52.883845819529455,302.53513239791965,301.9351323979197,234.5071826401612
53.05222801019531,303.30351458858553,302.70351458858556,234.67556483082706
53.00828950344371,303.85957608183395,303.259576081834,234.63162632407546
53.04020882092597,304.4914953993162,303.8914953993162,234.6635456415577
52.840208820925966,304.55740203401007,303.9574020340101,234.46354564155772
52.681242387972496,304.9984356010566,304.39843560105663,234.30457920860425
52.48124238797249,305.188882239216,304.58888223921605,234.10457920860426
52.82691049988358,305.988882239216,305.38888223921606,234.45024732051536
52.64679542012281,306.40876715945524,305.8087671594553,234.27013224075458
52.446795420122804,306.6418779207682,306.04187792076823,234.0701322407546
52.322110223340175,307.11719272398557,306.5171927239856,233.94544704397197
52.12211022334017,307.29754861146597,306.697548611466,233.74544704397198
52.17729675837028,307.9527351464961,307.3527351464961,233.8006335790021
51.97729675837028,308.0299309144404,307.42993091444043,233.6006335790021
51.77729675837028,307.8402614773546,307.24026147735464,233.40063357900212
51.78614832650217,308.4491130454865,307.84911304548655,233.409485147134
51.8197990829224,309.08276380190676,308.4827638019068,233.44313590355424
51.6197990829224,309.14674845877147,308.5467484587715,233.24313590355425
51.419799082922395,309.17287681505223,308.57287681505227,233.04313590355426
51.476657091068375,309.82973482319824,309.22973482319827,233.09999391170024
51.50271313619713,310.45579086832697,309.855790868327,233.126049956829
52.08724851885528,311.0403262509851,310.44032625098515,233.11058533948716
52.39058367216557,311.84032625098513,311.24032625098516,233.41392049279744
52.56617925611083,312.61592183493036,312.0159218349304,233.5895160767427
52.76742148613645,313.4159218349304,312.8159218349304,233.79075830676834
52.89776075566769,314.1462611044616,313.5462611044616,233.9210975762996
53.408166221883725,314.6566665706776,314.05666657067763,233.83150304251564
53.23790180212277,315.0864021509166,314.48640215091666,233.66123862275467
53.03790180212277,315.1212520030724,314.52125200307245,233.46123862275468
53.2374080143444,315.92075821529403,315.32075821529406,233.66074483497633
53.0374080143444,316.12546149575104,315.5254614957511,233.46074483497634
53.00160466761206,316.68965814901867,316.0896581490187,233.424941488244
52.916443780507784,317.2044972619144,316.60449726191445,233.33978060113972
52.71644378050778,317.50205141426443,316.90205141426446,233.13978060113973
52.95326038697647,318.30205141426444,317.7020514142645,233.37659720760843
52.753260386976464,318.68732849040924,318.0873284904093,233.17659720760844
52.60332472451255,319.13739282794535,318.5373928279454,233.02666154514452
52.403324724512544,319.4896574487429,318.8896574487429,232.82666154514453
52.216574131340195,319.90290685557056,319.3029068555706,232.63991095197218
52.01657413134019,319.7029068555706,319.1029068555706,232.4399109519722
52.107896126615586,320.394228850846,319.794228850846,232.5312329472476
52.16719521311613,321.05352793734653,320.45352793734656,232.59053203374813
52.25413737104356,321.74047009527396,321.140470095274,232.67747419167557
52.320780506791635,322.40711323102204,321.8071132310221,232.74411732742365
52.41199664498359,323.098329369214,322.49832936921405,232.8353334656156
52.211996644983586,323.24162440988175,322.6416244098818,232.63533346561562
52.01199664498358,323.3154731354848,322.71547313548484,232.43533346561563
52.083220533108424,323.9866970236097,323.3866970236097,232.50655735374048
52.232927205039694,324.73640369554096,324.136403695541,232.65626402567173
52.03292720503969,325.09497902862506,324.4949790286251,232.45626402567174
52.09859411832398,325.76064594190933,325.16064594190937,232.52193093895605
51.89859411832398,326.07076639658266,325.4707663965827,232.32193093895606
51.73771721206859,326.5098894903273,325.9098894903273,232.16105403270066
52.09244044656776,327.3098894903273,326.7098894903273,232.51577726719984
51.892440446567754,327.3456379299283,326.7456379299283,232.31577726719985
51.69244044656775,327.3068746279996,326.70687462799964,232.11577726719986
51.776277053713066,327.99071123514494,327.390711235145,232.19961387434518
51.79258752169386,328.6070217031257,328.00702170312576,232.21592434232596
51.60682790447639,329.02126208590823,328.42126208590827,232.03016472510848
51.40682790447639,329.4209250489121,328.82092504891216,231.8301647251085
51.206827904476384,329.72336176711025,329.1233617671103,231.6301647251085
51.00682790447638,329.62030040548035,329.0203004054804,231.4301647251085
50.9599120727246,330.1733845737286,329.5733845737286,231.38324889335672
51.09940124608614,330.91287374709015,330.3128737470902,231.52273806671826
51.4131970144905,331.71287374709016,331.1128737470902,231.83653383512262
51.53247602647308,332.4321527590727,331.83215275907276,231.9558128471052
51.442414118335215,332.94209085093485,332.3420908509349,231.86575093896732
51.24241411833521,332.90372349187953,332.30372349187957,231.66575093896734
51.29769750804606,333.5590068815904,332.9590068815904,231.7210343286782
51.1305611225544,333.9918704960987,333.39187049609876,231.55389794318654
51.03548799137622,334.49679736492055,333.8967973649206,231.45882481200837
50.83548799137622,334.64027938288615,334.0402793828862,231.25882481200838
50.635487991376216,334.44027938288616,333.8402793828862,231.0588248120084
50.69474862325231,335.0995400147623,334.4995400147623,231.1180854438845
50.741580456007775,335.74637184751776,335.1463718475178,231.16491727663995
50.54158045600777,335.93312358439704,335.3331235843971,230.96491727663997
50.34158045600777,336.22855613750914,335.6285561375092,230.76491727663998
50.141580456007766,336.17454393978835,335.5745439397884,230.56491727664
49.94158045600776,336.49936548419055,335.8993654841906,230.36491727664
49.94936808324388,337.10715311142667,336.5071531114267,230.37270490387613
49.74936808324388,337.42995666221896,336.829956662219,230.17270490387614
49.54936808324388,337.5973455880441,336.99734558804414,229.97270490387615
49.349368083243874,337.8512009336849,337.2512009336849,229.77270490387616
49.14936808324387,338.1990187243527,337.59901872435273,229.57270490387617
48.94936808324387,338.37901631747593,337.77901631747596,229.37270490387618
48.749368083243866,338.5282276403422,337.92822764034224,229.5219162267425
48.54936808324386,338.61357994303097,338.013579943031,229.60726852943122
48.34936808324386,338.91896697675406,338.3189669767541,229.91265556315432
48.29950350733892,339.4691024008491,338.86910240084916,230.46279098724938
48.15548940140892,339.92508829491914,339.32508829491917,230.9187768813194
47.95548940140892,340.06313560496665,339.4631356049667,231.05682419136687
48.10057010270509,340.8082163062628,340.20821630626284,231.80190489266303
47.90057010270509,341.1976143136009,340.59761431360096,232.19130290000115
47.918571746403295,341.81561595729914,341.2156159572992,232.80930454369937
47.80994829952285,342.3069925104187,341.70699251041873,233.30068109681892
47.60994829952285,342.4234569516365,341.82345695163656,233.41714553803672
47.45261857911688,342.86612723123056,342.2661272312306,233.85981581763076
47.338687614670036,343.3521962667837,342.75219626678376,234.34588485318392
47.64664445696401,344.15219626678373,343.55219626678377,235.14588485318393
47.44664445696401,344.42832019697556,343.8283201969756,235.42200878337576
47.246644456964006,344.73467494263326,344.1346749426333,235.72836352903343
47.046644456964,344.58569852564165,343.9856985256417,235.5793871120418
47.038977927449906,345.1780319961276,344.5780319961276,236.17172058252768
46.87323282915072,345.61228689782837,345.0122868978284,236.6059754842285
46.6984177240375,346.03747179271517,345.4374717927152,237.03116037911528
46.498417724037495,346.0642358087861,345.46423580878616,237.05792439518623
46.42700638375358,346.5928244685022,345.99282446850225,237.58651305490233
46.24329992602248,347.0091180107711,346.4091180107711,238.00280659717123
46.04329992602248,347.32674905785615,346.7267490578562,238.32043764425626
45.88731718907557,347.7707663209092,347.17076632090925,238.76445490730936
45.92124727344073,348.40469640527436,347.8046964052744,239.3983849916745
45.763020275571236,348.84646940740487,348.2464694074049,239.840157993805
45.56302027557123,349.0243798824469,348.42437988244694,240.01806846884708
45.77097486539455,349.8243798824469,349.22437988244695,240.8180684688471
45.63108396315049,350.28448898020287,349.6844889802029,241.27817756660303
45.74112020763224,350.9945252246846,350.3945252246846,241.9882138110848
45.54112020763224,351.13601123600716,350.5360112360072,242.12969982240733
45.898076279067375,351.9360112360072,351.3360112360072,242.92969982240734
45.96575283324885,352.60368779018864,352.0036877901887,243.5973763765888
45.76575283324885,352.9905242276693,352.39052422766935,243.98421281406945
45.565752833248844,353.020867018899,352.42086701889906,244.01455560529914
45.48547791157074,353.5405920972209,352.94059209722093,244.53428068362103
45.552037769578696,354.2071519552289,353.6071519552289,245.200840541629
45.35203776957869,354.1428048343967,353.54280483439675,245.13649342079682
45.68644193970356,354.9428048343967,354.34280483439676,245.93649342079684
46.24608372668959,355.74280483439674,355.14280483439677,246.73649342079685
46.04608372668959,356.11080049938073,355.51080049938076,247.10448908578084
46.09669999399537,356.7614167666865,356.16141676668656,247.75510535308663
46.30306983913459,357.56141676668653,356.96141676668657,248.55510535308665
46.103069839134584,357.8489098324967,357.24890983249674,248.84259841889684
45.929929625003226,358.27576961836536,357.6757696183654,249.26945820476547
45.99915321422424,358.9449932075864,358.3449932075864,249.9386817939865
46.28324453382551,359.7449932075864,359.1449932075864,250.7386817939865
46.08324453382551,359.9832560091023,359.38325600910235,250.97694459550246
45.883244533825504,360.28819565571473,359.68819565571476,251.28188424211487
45.81299729295932,360.81794841484856,360.2179484148486,251.8116370012487
45.612997292959314,360.76395731603424,360.16395731603427,251.7576459024344
45.834022722857156,361.56395731603425,360.9639573160343,252.55764590243442
46.191680274134576,362.36395731603426,361.7639573160343,253.35764590243443
46.29925269509895,363.0715297369986,362.47152973699866,254.0652183233988
46.2129285000056,363.5852055419053,362.9852055419053,254.57889412830545
46.039926665208796,364.0122037071085,363.4122037071085,255.00589229350865
46.01229748256569,364.5845745244654,363.9845745244654,255.57826311086555
45.81229748256569,364.9789579055111,364.37895790551113,255.97264649191126
46.08775930982282,365.7789579055111,365.17895790551114,256.77264649191125
45.88775930982282,365.8458285242891,365.24582852428915,256.83951711068926
45.81240466334059,366.3704738778069,365.7704738778069,257.364162464207
45.612404663340584,366.53528512833043,365.93528512833046,257.52897371473057
45.41240466334058,366.9324675244171,366.33246752441715,257.92615611081726
45.21240466334058,367.295441558671,366.695441558671,258.2891301450711
45.012404663340575,367.6245113746013,367.02451137460133,258.61819996100144
44.81240466334057,367.9901988065961,367.3901988065961,258.9838873929962
44.61240466334057,368.2973819786358,367.69738197863586,259.29107056503597
44.41240466334057,368.3986362195961,367.7986362195961,259.3923248059962
44.25344831243012,368.83967986868566,368.2396798686857,259.8333684550858
44.05344831243012,369.1269787414091,368.52697874140915,260.12066732780926
43.98036902071629,369.6538994496953,369.05389944969534,260.64758803609544
43.780369020716286,369.72186428506046,369.1218642850605,260.7155528714606
43.883286711334065,370.42478197567823,369.82478197567826,261.41847056207837
43.68328671133406,370.384499845805,369.78449984580504,261.37818843220515
43.59533409652737,370.8965472309983,370.2965472309983,261.89023581739843
43.92456662716278,371.6965472309983,371.09654723099834,262.69023581739845
43.786135302689544,372.1581159065251,371.55811590652513,263.15180449292524
43.89045079993201,372.8624314037676,372.2624314037676,263.8561199901677
43.69045079993201,373.110238339071,372.510238339071,264.1039269254711
43.78623799372273,373.80602553286167,373.2060255328617,264.7997141192618
43.820093023687164,374.4398805628261,373.8398805628261,265.43356914922623
44.286955242970826,375.2398805628261,374.63988056282614,266.23356914922624
44.32264713874555,375.8755724586008,375.27557245860083,266.86926104500094
44.94981093673424,376.6755724586008,376.07557245860085,267.66926104500095
45.324981783779954,377.4755724586008,376.87557245860086,268.46926104500096
45.12498178377995,377.74744806175755,377.1474480617576,268.7411366481577
44.92498178377995,378.0117080141623,377.41170801416234,269.00539660056245
44.724981783779945,378.38407074562684,377.7840707456269,269.377759332027
44.915074626718706,379.1741635885656,378.5741635885656,270.16785217496573
44.8293880335613,379.68847699540817,379.0884769954082,270.6821655818083
44.73046879528847,380.18955775713533,379.58955775713537,271.1832463435355
44.97797820204624,380.98955775713534,380.3895577571354,271.9832463435355
44.777978202046235,381.0385382666052,380.43853826660524,272.03222685300534
44.57797820204623,381.2753295794325,380.6753295794325,272.2690181658326
44.54426745419513,381.8416188315814,381.24161883158143,272.83530741798154
44.43620170249677,382.333553079883,381.73355307988305,273.32724166628316
44.2736868601125,382.7710382374988,382.1710382374988,273.7647268238989
44.78620732063978,383.5710382374988,382.9710382374988,274.5647268238989
44.76036053539596,384.14519145225495,383.545191452255,275.1388800386551
44.9649558097953,384.3497867266543,383.74978672665435,275.84347531305446
45.265441812763775,384.65027272962277,384.0502727296228,276.64347531305447
45.34977190062956,384.73460281748856,384.1346028174886,277.22780540092026
45.14977190062956,384.5346028174886,383.9346028174886,277.1884994428654
44.95751904224946,384.34234995910845,383.7423499591085,277.4962465844853
45.128872739184295,384.5137036560433,383.9137036560433,278.1676002814201
44.95709790477745,384.34192882163643,383.74192882163646,278.49582544701326
44.757097904777446,384.14192882163644,383.5419288216365,278.57601881603745
44.55709790477744,383.94192882163645,383.3419288216365,278.79862871116364
44.53920879380139,383.9240397106604,383.32403971066043,279.2807396001876
44.73328982711306,384.11812074397204,383.5181207439721,279.97482063349923
44.53328982711306,383.91812074397205,383.3181207439721,280.26535363941514
44.41524421148653,383.80007512834555,383.2000751283456,280.64730802378864
44.21524421148653,383.60007512834557,383.0000751283456,280.87875005778034
44.024692670981935,383.40952358784097,382.809523587841,281.18819851727574
43.82469267098193,383.209523587841,382.609523587841,281.37333270267993
43.9852632344501,383.37009415130916,382.7700941513092,282.0339032661481
43.7852632344501,383.1700941513092,382.5700941513092,282.1386850464578
43.72598335304238,383.1108142699014,382.51081426990146,282.57940516505005
43.52598335304238,382.91081426990144,382.31081426990147,282.4568269032625
43.732739698469246,383.1175706153283,382.51757061532834,283.16358324868935
43.53273969846924,382.9175706153283,382.31757061532835,283.14279410773975
43.47336646343045,382.85819738028954,382.2581973802896,283.58342087270097
43.66879186451479,383.05362278137386,382.4536227813739,284.2788462737853
43.81395761473108,383.19878853159014,382.5987885315902,284.92401202400157
43.91006180718938,383.29489272404845,382.6948927240485,285.5201162164599
43.782812023268804,383.1676429401279,382.56764294012794,285.89286643253934
43.62596137685816,383.01079229371726,382.4107922937173,286.2360157861287
43.79807137803973,383.18290229489884,382.5829022948989,286.90812578731027
43.80537775571803,383.1902086725771,382.59020867257715,287.41543216498854
43.605377755718024,382.9902086725771,382.39020867257716,287.272751057405
43.40537775571802,382.79020867257714,382.19020867257717,287.25448810637477
43.27448065481581,382.65931157167495,382.059311571675,287.6235910054726
43.26307961136535,382.6479105282245,382.0479105282245,288.1121899620221
43.22707021334987,382.611901130209,382.011901130209,288.5761805640066
43.04301482153075,382.42784573838986,381.8278457383899,288.8921251721875
43.34985259109027,382.7346835079494,382.13468350794943,289.6921251721875
43.42706555231727,382.8118964691764,382.21189646917645,290.2693381334145
43.92764077448055,383.3124716913397,382.7124716913397,291.06933813341453
43.80787383769897,383.1927047545581,382.59270475455816,291.449571196633
43.61371505578815,382.9985459726473,382.39854597264736,291.7554124147222
43.75867099447796,383.1435019113371,382.54350191133716,292.400368353412
43.55867099447796,382.94350191133714,382.34350191133717,292.42817232442496
43.92640069337866,383.3112316102378,382.71123161023786,293.228172324425
44.365713157441604,383.75054407430076,383.1505440743008,294.028172324425
44.29837761187361,383.6832085287328,383.0832085287328,294.460836778857
44.09837761187361,383.4832085287328,382.88320852873284,294.64670728807334
43.898377611873606,383.2832085287328,382.68320852873285,294.641528980636
44.03604289073429,383.4208738075935,382.82087380759356,295.2791942594967
43.836042890734284,383.22087380759353,382.62087380759357,295.4555900094673
43.847595431584494,383.23242634844377,382.6324263484438,295.96714255031753
43.89938362156674,383.284214538426,382.68421453842603,296.51893074029977
43.69938362156674,383.084214538426,382.48421453842604,296.75383275905375
43.50368675804271,382.888517674902,382.28851767490204,297.05813589552974
43.976604405137984,383.3614353219973,382.76143532199734,297.85813589552976
43.77660440513798,383.1614353219973,382.56143532199735,297.91517379061196
43.57660440513798,382.9614353219973,382.36143532199736,298.0011463843677
43.76427321559083,383.1491041324502,382.5491041324502,298.68881519482056
43.64553215555961,383.030363072419,382.430363072419,299.07007413478937
43.49732309967479,382.8821540165342,382.2821540165342,299.42186507890455
43.41912096992762,382.803951886787,382.203951886787,299.84366294915736
43.584212516081244,382.9690434329406,382.36904343294066,300.508754495311
43.78569952646266,383.17053044332204,382.57053044332207,301.2102415056924
43.79336574776009,383.17819666461946,382.5781966646195,301.71790772698984
43.59336574776009,382.9781966646195,382.3781966646195,301.866089021212
43.430285701381756,382.8151166182411,382.21511661824115,302.20300897483366
43.54147000100759,382.92630091786697,382.326300917867,302.8141932744595
43.341470001007586,382.726300917867,382.126300917867,303.08268366126504
44.14147000100758,383.526300917867,382.926300917867,303.88268366126505
43.94147000100758,383.326300917867,382.72630091786704,304.0380539511534
44.46338413464101,383.8482150515004,383.24821505150044,304.8380539511534
44.57211641706195,383.95694733392133,383.35694733392137,305.44678623357436
44.90801738544979,384.29284830230915,383.6928483023092,306.24678623357437
45.29642182816606,384.6812527450254,384.08125274502544,307.0467862335744
45.09642182816606,384.4812527450254,383.88125274502545,307.19853819736085
45.23673218855963,384.621563105419,384.02156310541903,307.83884855775443
45.13278102404041,384.51761194089977,383.9176119408998,308.2348973932352
45.146857197704165,384.5316881145635,383.93168811456354,308.74897356689894
45.00374494953723,384.3885758663966,383.7885758663966,309.105861318732
44.98069838221915,384.3655292990785,383.76552929907854,309.58281475141393
45.36559604947573,384.75042696633506,384.1504269663351,310.38281475141395
45.165596049475724,384.55042696633507,383.9504269663351,310.5839347055798
45.31372302442412,384.6985539412835,384.0985539412835,311.2320616805282
45.780697594022044,385.1655285108814,384.56552851088145,312.0320616805282
45.90913214231182,385.2939630591712,384.6939630591712,312.660496228818
45.709132142311816,385.0939630591712,384.4939630591712,312.7102682916277
45.50913214231181,384.8939630591712,384.29396305917123,312.9552017689937
45.61372778263417,384.99855869949357,384.3985586994936,313.55979740931605
45.7185050939297,385.1033360107891,384.50333601078916,314.1645747206116
45.81499560929492,385.1998265261543,384.59982652615435,314.7610652359768
45.614995609294915,384.9998265261543,384.39982652615436,314.63804084090856
45.500414973625446,384.88524589048484,384.2852458904849,315.0234602052391
45.371402479468124,384.7562333963275,384.15623339632754,315.39444771108174
45.17140247946812,384.5562333963275,383.95623339632755,315.58536267487216
45.099765731760165,384.4845966486196,383.8845966486196,316.0137259271642
45.177478375506375,384.5623092923658,383.96230929236583,316.59143857091044
45.23638333023187,384.6212142470913,384.02121424709134,317.15034352563595
45.257863708056085,384.6426946249155,384.04269462491555,317.67182390346017
45.26903037900904,384.65386129586847,384.0538612958685,318.1829905744131
45.069030379009035,384.4538612958685,383.8538612958685,318.464701711322
45.05344661326684,384.9382775301263,384.33827753012633,318.4491179455798
44.85344661326684,385.2184855069616,384.61848550696163,318.2491179455798
44.877661587299414,385.7427004809942,385.1427004809942,318.2733329196124
44.85407103020459,386.21910992389934,385.6191099238994,318.24974236251757
45.45353123556422,387.01910992389935,386.4191099238994,318.84920256787717
45.25353123556422,387.2442116214886,386.64421162148864,318.6492025678772
45.14958469279482,387.6402650787192,387.04026507871924,318.5452560251078
44.949584692794815,387.8408620457613,387.24086204576133,318.3452560251078
45.74958469279481,388.6408620457613,388.04086204576134,319.1452560251078
45.54958469279481,388.5143496343271,387.91434963432715,318.9452560251078
45.59146158124136,389.05622652277367,388.4562265227737,318.9871329135544
45.39146158124136,389.22377167775244,388.6237716777525,318.7871329135544
45.70343335937902,390.02377167775245,389.4237716777525,319.09910469169205
45.519601187860246,390.3399395062337,389.7399395062337,318.9152725201733
45.83562585681234,391.1399395062337,390.53993950623374,319.23129718912537
46.02275654502108,391.82707019444246,391.2270701944425,319.4184278773341
45.82275654502108,391.7528607882824,391.15286078828245,319.21842787733414
45.87996126525008,392.3100655085114,391.71006550851143,319.2756325975631
45.814731403296165,392.7448356465575,392.1448356465575,319.2104027356092
45.61473140329616,392.98381532735084,392.3838153273509,319.0104027356092
45.46602683690438,393.3351107609591,392.7351107609591,318.86169816921745
45.42090116536131,393.789985089416,393.18998508941604,318.8165724976744
45.31141286462144,394.1804967886761,393.58049678867616,318.7070841969345
45.111412864621435,393.98049678867613,393.38049678867617,318.5070841969345
45.12869850373151,394.4977824277862,393.89778242778624,318.52436983604457
45.06836878971702,394.93745271377173,394.33745271377177,318.4640401220301
44.86836878971702,395.12225639496944,394.5222563949695,318.2640401220301
44.668368789717015,395.29059861508205,394.6905986150821,318.0640401220301
44.46836878971701,395.43448952341396,394.834489523414,317.86404012203013
44.27674972310825,395.7428704568052,395.1428704568052,317.67242105542135
44.6196511969274,396.5428704568052,395.9428704568052,318.0153225292405
44.4196511969274,396.55284099711486,395.9528409971149,317.8153225292405
44.763554814833,397.35284099711487,396.7528409971149,318.1592261471461
44.67276417526129,397.76205035754316,397.1620503575432,318.0684355075744
44.8990469302671,398.48833311254896,397.888333112549,318.2947182625802
44.91828843424499,399.0075746165269,398.4075746165269,318.3139597665581
44.819659711153946,399.4089458934358,398.80894589343586,318.2153310434671
44.723252546518864,399.81253872880075,399.2125387288008,318.118923878832
44.59667632024828,400.1859625025302,399.5859625025302,317.9923476525614
44.396676320248275,400.2018491218126,399.6018491218126,317.79234765256143
44.26061602979408,400.5657888313584,399.96578883135845,317.65628736210726
44.33386302038127,401.13903582194564,400.5390358219457,317.7295343526945
44.13386302038127,401.3498096714591,400.74980967145916,317.5295343526945
43.93386302038127,401.49296852478176,400.8929685247818,317.3295343526945
44.30214536492237,402.29296852478177,401.6929685247818,317.6978166972356
44.12292534396741,402.6137485038268,402.01374850382683,317.51859667628065
43.92292534396741,402.90339668113353,402.30339668113356,317.31859667628066
44.0121943949754,403.4926657321415,402.89266573214155,317.40786572728865
43.8121943949754,403.579953688148,402.97995368814804,317.20786572728866
43.85721107108516,404.12497036425776,403.5249703642578,317.2528824033984
43.8195381350437,404.5872974282163,403.9872974282163,317.21520946735694
43.87145968232886,405.1392189755014,404.53921897550146,317.2671310146421
43.86678596805442,405.634545261227,405.03454526122704,317.26245730036766
44.195668494122984,406.434545261227,405.83454526122705,317.59133982643624
44.62768375890127,407.234545261227,406.63454526122706,318.0233550912145
44.42768375890127,407.25619374225954,406.6561937422596,317.8233550912145
44.681772163396765,408.01028214675506,407.4102821467551,318.07744349571004
44.979189868233654,408.80769985159196,408.207699851592,318.37486120054695
45.625206902314766,409.607699851592,409.007699851592,319.02087823462807
45.81689542662161,410.29938837589884,409.6993883758989,319.21256675893494
46.21382236464386,411.09938837589885,410.4993883758989,319.6094936969572
46.01382236464386,411.10678382785795,410.506783827858,319.4094936969572
45.813822364643855,411.30383870105516,410.7038387010552,319.2094936969572
46.02026746819717,412.0102838046085,411.4102838046085,319.41593880051056
45.820267468197166,411.8345530630052,411.23455306300525,319.21593880051057
45.62026746819716,412.04002341690773,411.44002341690776,319.0159388005106
45.71771688324975,412.63747283196034,412.0374728319604,319.1133882155632
46.46753859771182,413.43747283196035,412.8374728319604,319.8632099300253
46.26753859771182,413.2501900601831,412.65019006018315,319.6632099300253
46.6844103377409,414.0501900601831,413.45019006018316,320.08008167005437
47.17802996182797,414.85019006018314,414.2501900601832,320.5737012941414
46.978029961827964,415.04341893058023,414.44341893058026,320.3737012941414
46.77802996182796,414.84341893058024,414.2434189305803,320.17370129414144
46.57802996182796,414.92813708502706,414.3281370850271,319.97370129414145
46.40885722581225,415.25896434901136,414.6589643490114,319.80452855812575
46.23043092331266,415.5805380465118,414.9805380465118,319.62610225562617
46.03043092331266,415.82451337887767,415.2245133788777,319.4261022556262
45.830430923312655,416.0968348019416,415.49683480194165,319.2261022556262
45.746073496121845,416.5124773747508,415.91247737475084,319.1417448284354
45.71481316493628,416.98121704356527,416.3812170435653,319.11048449724984
45.73359110330614,417.4999949819351,416.89999498193515,319.1292624356197
45.95978047996614,418.2261843585951,417.62618435859514,319.3554518122797
46.04398300302618,418.8103868816551,418.21038688165515,319.4396543353397
46.551870047284794,419.61038688165513,419.01038688165517,319.9475413795983
46.58137193532322,420.1398887696936,419.5398887696936,319.97704326763676
46.877949267468495,420.93646610183885,420.3364661018389,320.273620599782
47.20902606263323,421.73646610183886,421.1364661018389,320.60469739494675
47.15505781728719,422.18249785649283,421.58249785649286,320.5507291496007
46.955057817287184,422.26489717058945,421.6648971705895,320.35072914960074
46.75505781728718,422.48940218878874,421.8894021887888,320.15072914960075
47.226207998374136,423.28940218878876,422.6894021887888,320.6218793306877
47.52309643934524,424.08629062975984,423.4862906297599,320.9187677716588
47.323096439345235,424.3040592733634,423.70405927336344,320.7187677716588
47.617842657406726,425.0988054914249,424.49880549142495,321.0135139897203
47.68523260240583,425.666195436424,425.06619543642404,321.0809039347194
47.52021697269847,426.00117980671666,425.4011798067167,320.91588830501206
47.81072030915756,426.79168314317576,426.1916831431758,321.20639164147116
47.77910765731377,427.260070491332,426.660070491332,321.1747789896274
48.17931530578923,428.060070491332,427.46007049133203,321.57498663810287
48.35972559897459,428.7404807845174,428.1404807845174,321.75539693128826
48.16379101873183,429.1445462042746,428.54454620427464,322.1594623510455
48.54168913879133,429.9445462042746,429.34454620427465,322.9594623510455
48.341689138791324,430.3124037828865,429.71240378288655,323.3273199296574
48.24758047846933,430.8182951225645,430.21829512256454,323.8332112693354
48.04758047846933,431.1525481362394,430.5525481362394,324.16746428301025
47.88040623824993,431.58537389602,430.98537389602,324.60029004279085
47.68040623824993,431.6761317670278,431.07613176702785,324.6910479137987
47.54283888745556,432.13856441623346,431.5385644162335,325.15348056300434
47.57166054979314,432.76738607857106,432.1673860785711,325.78230222534194
47.434971298883454,433.2306968276614,432.63069682766144,326.2456129744323
47.23497129888345,433.5677074189505,432.9677074189505,326.58262356572135
47.12031327778574,434.05304939785276,433.4530493978528,327.06796554462363
47.00813577042457,434.5408718904916,433.9408718904916,327.55578803726246
47.1187332767666,435.2514693968336,434.65146939683365,328.2663855436045
47.21760355203188,435.9503396720989,435.3503396720989,328.96525581886976
47.53838513357179,436.7503396720989,436.15033967209894,329.7652558188698
47.33838513357179,436.72546664914285,436.1254666491429,329.7403827959137
47.61154410418918,437.52546664914286,436.9254666491429,330.54038279591373
47.719415663527954,438.23333820848165,437.6333382084817,331.2482543552525
47.834937843198716,438.9488603881524,438.34886038815245,331.9637765349233
47.63493784319871,439.1803830750691,438.5803830750691,332.19529922183995
47.62342274668632,439.76886797855667,439.1688679785567,332.78378412532754
47.42342274668632,439.8945453567546,439.2945453567546,332.90946150352545
47.52546993395948,440.5965925440277,439.99659254402775,333.6115086907986
47.341771685292336,441.0128942953606,440.4128942953606,334.02781044213145
47.49237580127026,441.7634984113385,441.16349841133854,334.7784145581094
47.29237580127026,441.6199536730065,441.0199536730065,334.63486981977735
47.548655326979116,442.4199536730065,441.8199536730065,335.43486981977736
47.355709113911004,442.8270074599384,442.2270074599384,335.84192360670926
47.155709113911,443.13687439565877,442.5368743956588,336.15179054242964
46.955709113911,443.51273466642334,442.9127346664234,336.5276508131942
46.91129541157431,444.06832096408664,443.4683209640867,337.0832371108575
46.850241621494334,444.60726717400667,444.0072671740067,337.62218332077754
46.7370981799006,445.0941237324129,444.49412373241296,338.1090398791838
46.681198780389145,445.6382243329015,445.0382243329015,338.65314047967235
46.48119878038914,445.849060597863,445.24906059786304,338.8639767446339
46.28119878038914,445.6859036973856,445.0859036973856,338.70081984415646
46.34844631589149,446.3531512328879,445.75315123288794,339.3680673796588
46.659387209765214,447.1531512328879,446.55315123288796,340.1680673796588
46.58587182427059,447.6796358473933,447.0796358473933,340.69455199416416
46.38587182427059,447.4796358473933,446.87963584739333,340.49455199416417
46.526974194661506,448.22073821778423,447.62073821778426,341.2356543645551
46.3269741946615,448.229003176151,447.62900317615106,341.2439193229219
46.1269741946615,448.2256929319281,447.62569293192814,341.240609078699
46.1930506671739,448.8917694044405,448.2917694044405,341.90668555121135
45.9930506671739,449.2210744806849,448.6210744806849,342.23599062745575
45.793050667173894,449.2325554937463,448.63255549374634,342.2474716405172
45.80678898947014,449.84629381604253,449.24629381604257,342.8612099628134
45.76786309750085,450.40736792407324,449.8073679240733,343.4222840708441
45.84236737168544,451.0818721982578,450.48187219825786,344.0967883450287
46.046794390893304,451.88187219825784,451.2818721982579,344.8967883450287
46.141577654413105,452.57665546177765,451.9766554617777,345.5915716085485
46.40875973444178,453.37665546177766,452.7766554617777,346.39157160854853
46.298534693964015,453.86643042129987,453.2664304212999,346.88134656807074
46.42952666328161,454.59742239061745,453.9974223906175,347.6123385373883
46.85939088974438,455.0272866170802,454.42728661708026,348.0422027638511
47.22615958360547,455.82728661708023,455.22728661708027,348.8422027638511
47.026895513941135,456.2280225474159,455.6280225474159,349.24293869418676
46.82689551394113,456.4779638589332,455.87796385893324,349.4928800057041
47.32501620671257,457.2779638589332,456.67796385893325,350.2928800057041
47.125016206712566,457.66574688797897,457.065746887979,350.68066303474984
46.92501620671256,457.797446190237,457.19744619023703,350.81236233700787
47.18790851231992,458.597446190237,457.99744619023704,351.6123623370079
46.98790851231992,458.59567447418567,457.9956744741857,351.61059062095654
46.787908512319916,458.9699687713759,458.3699687713759,351.98488491814675
46.899412069047436,459.6814723281034,459.0814723281034,352.69638847487425
46.81614279234475,460.1982030514007,459.59820305140073,353.21311919817157
46.616142792344746,460.5307049776442,459.9307049776442,353.54562112441505
46.49334117492102,461.00790336022044,460.4079033602205,354.0228195069913
46.29334117492102,461.34627656248654,460.74627656248657,354.3611927092574
46.46954325284483,462.12247864041035,461.5224786404104,355.1373947871812
46.318735005634004,462.57167039319955,461.9716703931996,355.5865865399704
46.6428493547055,463.37167039319957,462.7716703931996,356.38658653997044
46.57621717311011,463.90503821160416,463.3050382116042,356.91995435837504
46.747389465549546,464.6762105040436,464.0762105040436,357.69112665081445
46.868048448326476,465.3968694868205,464.7968694868205,358.41178563359136
46.66804844832647,465.5260415342574,464.9260415342574,358.54095768102826
46.46804844832647,465.6986484980791,465.0986484980791,358.71356464484995
46.26804844832647,466.0159070618069,465.41590706180693,359.0308232085778
46.49574227772824,466.8159070618069,466.21590706180694,359.8308232085778
46.49066481263668,467.41082959671536,466.8108295967154,360.42574574348623
46.29066481263668,467.5469002867216,466.94690028672164,360.5618164334925
46.1481497385447,468.00438521262964,467.4043852126297,361.0193013594005
45.9481497385447,467.80858635063515,467.2085863506352,360.823502497406
45.7481497385447,468.19059099881684,467.5905909988169,361.2055071455877
45.59053500359769,468.6329762638698,468.03297626386984,361.6478924106407
45.583269942858436,469.2257112031306,468.6257112031306,362.24062734990144
45.44320767142375,469.6856489316959,469.0856489316959,362.70056507846675
45.388948622337914,470.23138988261,469.63138988261005,363.2463060293809
45.18894862233791,470.51895727960346,469.9189572796035,363.5338734263743
44.98894862233791,470.7319465845651,470.1319465845651,363.74686273133597
45.124745460490296,471.4677434227175,470.8677434227175,364.48265956948836
45.42411534655763,472.2677434227175,471.66774342271754,365.2826595694884
45.87497695848862,473.0677434227175,472.46774342271755,366.0826595694884
45.674976958488614,473.4153460246437,472.81534602464376,366.4302621714146
45.905986940340775,474.21534602464374,473.61534602464377,367.2302621714146
46.45185411822652,475.01534602464375,474.4153460246438,368.0302621714146
46.25185411822652,475.3987724432845,474.7987724432845,368.41368859005536
46.051854118226515,475.1987724432845,474.59877244328453,368.21368859005537
45.953675391688485,475.7005937167465,475.1005937167465,368.71550986351735
45.75367539168848,475.5005937167465,474.9005937167465,368.96396263118186
45.72912658412421,475.47604490918224,474.87604490918227,369.4394138236176
45.75879348008155,475.5057118051396,474.9057118051396,369.96908071957495
45.55879348008155,475.3057118051396,474.70571180513963,370.1933577746786
45.645875843338146,475.39279416839616,474.7927941683962,370.78044013793516
45.56565814911657,475.3125764741746,474.7125764741746,371.2002224437136
45.46914880725777,475.2160671323158,474.61606713231583,371.6037131018548
45.66957594335068,475.4164942684087,474.81649426840875,372.3041402379477
45.46957594335068,475.2164942684087,474.61649426840876,372.50652753308674
45.5220638703593,475.2689821954173,474.66898219541736,373.05901546009534
45.74878741820715,475.49570574326515,474.8957057432652,373.78573900794316
45.58783446513603,475.33475279019405,474.7347527901941,374.12478605487206
45.857374859673335,475.6042931847314,475.0042931847314,374.8943264494094
45.8489205124626,475.59583883752066,474.9958388375207,375.3858721021987
45.85165621145586,475.5985745365139,474.99857453651396,375.88860780119194
45.65165621145586,475.39857453651393,474.79857453651397,376.06283913144244
45.50924674159187,475.25616506664994,474.65616506665,376.42042966157845
45.516754829215415,475.2636731542735,474.6636731542735,376.927937749202
45.31675482921541,475.0636731542735,474.4636731542735,377.1826078594419
45.11675482921541,474.8636731542735,474.26367315427353,377.2655455947367
44.94941173730985,474.69633006236796,474.096330062368,377.59820250283116
44.94630595135684,474.6932242764149,474.09322427641496,378.0950967168781
45.339856821061886,475.08677514612,474.48677514612,378.89509671687813
45.659390919984496,475.40630924504256,474.8063092450426,379.69509671687814
45.750958331290896,475.497876656349,474.897876656349,380.28666412818455
45.93381199193868,475.68073031699674,475.0807303169968,380.9695177888323
45.989903382834314,475.7368217078924,475.1368217078924,381.52560917972795
45.97290840536518,475.7198267304232,475.11982673042326,382.0086142022588
45.81400057905816,475.5609189041162,474.9609189041162,382.34970637595177
45.83515021247589,475.5820685375339,474.98206853753396,382.8708560093695
45.68919971932803,475.4361180443861,474.8361180443861,383.22490551622167
45.66985739488499,475.4167757199431,474.8167757199431,383.70556319177865
46.26249736479115,476.0094156898492,475.40941568984925,384.50556319177866
46.544297982936776,476.29121630799483,475.69121630799486,385.2873638099243
46.587524249653264,476.3344425747113,475.73444257471135,385.83059007664076
46.9504326725056,476.69735099756366,476.0973509975637,386.6305900766408
46.77045405350674,476.5173723785648,475.91737237856483,386.9506114576419
46.57045405350674,476.3173723785648,475.71737237856485,386.99138620793883
46.370454053506734,476.1173723785648,475.51737237856486,387.1257576524296
46.43448691478579,476.1814052398439,475.58140523984395,387.6897905137087
46.23448691478579,475.9814052398439,475.38140523984396,387.74257267265375
46.189886677625154,475.9368050026833,475.3368050026833,388.1979724354931
46.29101246896057,476.0379307940187,475.4379307940187,388.7990982268285
46.47503326802285,476.221951593081,475.621951593081,389.4831190258908
46.56577417396929,476.31269249902743,475.71269249902747,390.07385993183726
46.682227219531654,476.4291455445898,475.82914554458984,390.6903129773996
46.631102352819006,476.37802067787715,475.7780206778772,391.139188110687
46.58293015850405,476.32984848356216,475.7298484835622,391.591015916372
46.58201635245803,476.32893467751614,475.7289346775162,392.090102110326
46.45093490153412,476.19785322659226,475.5978532265923,392.4590206594021
46.250934901534116,475.99785322659227,475.3978532265923,392.60182677696616
46.05093490153411,475.7978532265923,475.1978532265923,392.81696053633374
46.49640429206909,476.24332261712726,475.6433226171273,393.61696053633375
47.262580632539674,477.0094989575978,476.40949895759786,394.41696053633376
47.06258063253967,476.80949895759784,476.2094989575979,394.636664562962
47.4726442420643,477.21956256712247,476.6195625671225,395.436664562962
47.540073862632106,477.28699218769026,476.6869921876903,396.0040941835298
47.89110777044991,477.63802609550805,477.0380260955081,396.8040941835298
48.43170190172392,478.1786202267821,477.5786202267821,397.6040941835298
48.26926308326248,478.0161814083206,477.41618140832065,397.94165536506836
48.06926308326248,477.81618140832063,477.21618140832067,398.21390881697755
48.242216203480496,477.98913452853867,477.3891345285387,398.8868619371956
49.01952889112397,478.76644721618214,478.1664472161822,399.6868619371956
49.183402225599714,478.9303205506579,478.3303205506579,400.35073527167134
49.06586102397895,478.8127793490371,478.21277934903713,400.73319407005056
49.50953449461119,479.25645281966933,478.65645281966937,401.53319407005057
49.45452651867744,479.2014448437356,478.60144484373564,401.97818609411684
49.45911947342934,479.2060377984875,478.60603779848753,402.48277904886874
49.28533202354901,479.0322503486072,478.4322503486072,402.8089915989884
49.24945791302476,478.996376238083,478.396376238083,403.2731174884642
49.54137859528923,479.2882969203474,478.68829692034745,404.06503817072866
49.34137859528923,479.08829692034743,478.48829692034747,404.20606672022933
49.38893746719732,479.13585579225554,478.5358557922556,404.75362559213744
49.3971288290503,479.14404715410853,478.54404715410857,405.26181695399043
49.67710921677226,479.42402754183047,478.8240275418305,406.04179734171237
49.810093892129714,479.55701221718795,478.957012217188,406.67478201706984
50.075534706337784,479.82245303139604,479.22245303139607,407.44022283127794
50.12741852431481,479.87433684937304,479.27433684937307,407.99210664925494
49.92741852431481,479.67433684937305,479.0743368493731,407.9785941052122
50.33898886719422,480.0859071922525,479.4859071922525,408.7785941052122
50.82305728655724,480.5699756116155,479.96997561161555,409.57859410521223
50.623057286557234,480.36997561161553,479.76997561161556,409.6372430069641
50.6858543897028,480.4327727147611,479.8327727147611,410.2000401101097
50.88657621130077,480.6334945363591,480.0334945363591,410.9007619317077
50.68657621130077,480.4334945363591,479.8334945363591,411.08879052548883
50.86826087322183,480.61517919828015,480.0151791982802,411.7704751874099
50.668260873221826,480.41517919828016,479.8151791982802,411.7226722733458
50.46826087322182,480.21517919828017,479.6151791982802,412.019294511944
50.61463429566553,480.3615526207239,479.76155262072393,412.6656679343877
50.41463429566553,480.1615526207239,479.56155262072394,412.5184754704081
50.59634877256653,480.3432670976249,479.74326709762494,413.20018994730907
50.396348772566526,480.1432670976249,479.54326709762495,413.4775613357063
50.30656099844458,480.053479323503,479.453479323503,413.88777356158437
50.10656099844458,479.853479323503,479.25347932350303,413.99725117476476
49.906560998444576,479.653479323503,479.05347932350304,414.0287978157467
49.89695975372484,479.6438780787833,479.04387807878334,414.519196571027
50.1229851148287,479.86990343988714,479.2699034398872,415.24522193213085
49.984993471946964,479.7319117970054,479.13191179700544,415.6072302892491
50.188308082872595,479.93522640793105,479.3352264079311,416.31054490017476
49.98830808287259,479.73522640793107,479.1352264079311,416.20652872591677
49.94734748354777,480.19426580860625,479.5942658086063,416.16556812659195
50.0569439489414,480.80386227399987,480.2038622739999,416.2751645919856
50.00153985718193,481.24845818224037,480.6484581822404,416.2197605002261
50.405677744040844,482.0484581822404,481.4484581822404,416.623898387085
50.69716195559404,482.8399423937936,482.2399423937936,416.9153825986382
50.49716195559404,482.97981822141026,482.3798182214103,416.7153825986382
50.69423023928546,483.67688650510166,483.0768865051017,416.9124508823296
51.00830353409004,484.4768865051017,483.8768865051017,417.2265241771342
50.847307708331854,484.8158906793435,484.21589067934354,417.06552835137603
50.64730770833185,484.9601794329446,484.3601794329446,416.86552835137604
50.44730770833185,485.24449343974504,484.6444934397451,416.66552835137605
50.247307708331846,485.4456791340033,484.8456791340033,416.46552835137607
50.47434623490268,486.1727176605741,485.57271766057414,416.6925668779469
50.90088943492523,486.9727176605741,486.37271766057415,417.1191100779694
50.70088943492523,487.0223175649875,486.4223175649875,416.91911007796944
50.79769338657787,487.6191215166401,487.01912151664015,417.0159140296221
50.87294329151438,488.19437142157665,487.5943714215767,417.0911639345586
50.67294329151438,488.2959131790219,487.69591317902194,416.8911639345586
50.50607428869418,488.6290441762017,488.02904417620175,416.7242949317384
50.369307957069694,488.99227784457725,488.3922778445773,416.58752860011396
50.16930795706969,488.8427771411069,488.24277714110696,416.38752860011397
50.362363426183734,489.53583261022095,488.935832610221,416.580584069228
50.16236342618373,489.7574805717966,489.1574805717966,416.380584069228
50.14525948871461,490.24037663432745,489.6403766343275,416.3634801317589
50.06468180505563,490.65979895066846,490.0597989506685,416.2829024480999
49.864681805055625,490.7012584227447,490.1012584227447,416.0829024480999
49.71233107816874,491.0489076958578,490.4489076958578,415.930551721213
49.55084225445385,491.3874188721429,490.78741887214295,415.76906289749815
49.350842254453845,491.56566667094995,490.96566667095,415.56906289749816
49.46032807331671,492.17515248981283,491.57515248981287,415.67854871636104
49.712090973518414,492.9269153900145,492.32691539001456,415.93031161656273
50.02553373172472,493.72691539001454,493.1269153900146,416.243754374769
50.61544070853752,494.52691539001455,493.9269153900146,416.83366135158184
50.41544070853752,494.4100532510325,493.8100532510325,416.63366135158185
50.746403218254024,495.2100532510325,494.6100532510325,416.9646238612984
50.812779305329755,495.77642933810824,495.1764293381083,417.03099994837413
50.89582329529643,496.3594733280749,495.75947332807493,417.1140439383408
50.803601285953704,496.7672513187322,496.1672513187322,417.02182192899807
50.6036012859537,497.0225301549704,496.42253015497045,416.8218219289981
50.4036012859537,497.26438810846247,496.6643881084625,416.6218219289981
50.57852451752438,497.93931134003316,497.3393113400332,416.7967451605688
50.6286610316603,498.4894478541691,497.88944785416913,416.8468816747047
50.54388704651381,498.9046738690226,498.3046738690226,416.7621076895582
50.61849438436887,499.47928120687766,498.8792812068777,416.8367150274133
50.41849438436887,499.49707753407165,498.8970775340717,416.6367150274133
50.27120189887739,499.8497850485802,499.24978504858024,416.48942254192184
50.07120189887739,500.12932171276526,499.5293217127653,416.28942254192185
49.87233751827716,500.430457332165,499.83045733216505,416.0905581613216
49.67233751827716,500.5784151749194,499.97841517491946,415.8905581613216
49.61803105066605,501.0241087073083,500.42410870730833,415.8362516937105
50.0070806350528,501.8241087073083,501.22410870730835,416.2253012780972
49.88717424952701,502.20420232178253,501.60420232178257,416.10539489257144
50.082581317664555,502.8996093899201,502.29960938992014,416.300801960709
50.241166322189486,503.558194394445,502.95819439444506,416.45938696523393
50.06525711656296,503.8822851888185,503.28228518881855,416.2834777596074
49.86525711656296,504.01080026738845,503.4108002673885,416.08347775960743
49.85887564354214,504.5044187943676,503.90441879436764,416.0770962865866
49.766225739762454,504.9117688905879,504.3117688905879,415.9844463828069
49.56622573976245,504.9011044071973,504.30110440719733,415.7844463828069
49.49399978591588,505.32887845335074,504.7288784533508,415.71222042896034
49.29399978591588,505.12887845335075,504.5288784533508,415.51222042896035
49.12434689222641,505.45922555966126,504.8592255596613,415.34256753527086
49.65257571997316,506.2592255596613,505.6592255596613,415.87079636301763
49.452575719973154,506.5332230733299,505.93322307332994,415.67079636301764
49.33822820450832,506.9188755578651,506.3188755578651,415.5564488475528
49.138228204508316,507.0319497316403,506.4319497316403,415.3564488475528
48.93822820450831,507.3299953262593,506.7299953262593,415.15644884755284
48.97976499970345,507.87153212145444,507.27153212145447,415.197985642748
49.34705447059026,508.67153212145445,508.0715321214545,415.5652751136348
49.40976144777606,509.2342390986403,508.6342390986403,415.62798209082064
49.664917584038854,509.98939523490304,509.3893952349031,415.8831382270834
49.83907461898027,510.66355226984444,510.0635522698445,416.0572952620248
49.662501097654086,510.98697874851825,510.3869787485183,415.8807217406986
49.46250109765408,510.98600739721286,510.3860073972129,415.68072174069863
49.34409963870719,511.36760593826597,510.767605938266,415.56232028175174
49.702864557317746,512.167605938266,511.567605938266,415.9210852003623
49.5694837568517,512.5342251377999,511.93422513779996,415.78770439989626
49.3694837568517,512.6752356918063,512.0752356918063,415.58770439989627
49.552418628147514,513.3581705631021,512.7581705631021,415.77063927119207
49.59262377814939,513.898375713104,513.298375713104,415.81084442119396
49.58821731973063,514.3939692546852,513.7939692546852,415.8064379627752
49.8236868136553,515.1294387486099,514.5294387486099,416.04190745669985
49.62920268350214,515.4349546184568,514.8349546184568,415.8474233265467
49.66548712808448,515.9712390630391,515.3712390630391,415.883707771129
49.53962739491237,516.345379329867,515.745379329867,415.75784803795693
49.805875048253,517.1116269832077,516.5116269832076,416.0240956912976
49.93711253835002,517.7428644733047,517.1428644733047,416.1553331813946
49.73711253835002,518.0261500659564,517.4261500659563,415.9553331813946
49.84896248397755,518.6380000115839,518.0380000115839,416.06718312702213
49.64896248397755,518.6199108562139,518.0199108562139,415.86718312702214
49.76885333966193,519.2398017118983,518.6398017118983,415.98707398270653
49.701447921936364,519.6723962941727,519.0723962941727,415.91966856498095
49.50144792193636,519.8926190446108,519.2926190446108,415.71966856498096
49.92695764181627,520.6926190446108,520.0926190446107,416.1451782848609
50.455200285410506,521.4926190446107,520.8926190446107,416.67342092845513
50.91289717978153,522.2926190446107,521.6926190446106,417.1311178228262
50.71289717978153,522.4138438135825,521.8138438135825,416.9311178228262
50.87845462354926,523.0794012573502,522.4794012573502,417.09667526659393
50.67845462354926,522.8794012573502,522.2794012573502,416.89667526659395
50.847728903146475,523.5486755369474,522.9486755369473,417.0659495461912
50.792363512187364,523.9933101459883,523.3933101459883,417.4105841552321
50.59236351218736,524.0306771602179,523.4306771602179,417.34795116946174
50.39236351218736,523.9288492937702,523.3288492937702,417.14795116946175
50.192363512187356,523.8103982207793,523.2103982207793,416.94795116946176
49.99236351218735,523.9478883516014,523.3478883516013,416.9854413002838
49.79236351218735,524.140669593858,523.540669593858,417.07822254254035
49.614605427426994,524.4629115090976,523.8629115090976,417.30046445778
49.41460542742699,524.7294031862476,524.1294031862476,417.46695613493
49.57996114232555,525.3947589011461,524.7947589011461,418.03231184982855
49.825420807352245,526.1402185661728,525.5402185661728,418.67777151485524
49.82643314457553,526.6412309033961,526.0412309033961,419.0787838520785
49.87748853133301,527.1922862901537,526.5922862901537,419.529839238836
50.01345694613119,527.8282547049519,527.2282547049518,420.0658076536342
49.81345694613119,528.1193384707149,527.5193384707148,420.25689141939716
49.61345694613119,528.3327469081437,527.7327469081437,420.370299856826
49.58693488024363,528.8062248422561,528.2062248422561,420.74377779093845
49.38693488024363,528.8629658179395,528.2629658179395,420.7005187666219
49.72944161448368,529.6629658179395,529.0629658179395,421.44302550086195
49.7875394522676,530.2210636557234,529.6210636557233,421.90112333864585
50.002586148448444,530.9361103519042,530.3361103519042,422.5161700348267
50.56254713357036,531.7361103519041,531.1361103519041,423.3161700348267
50.58735133932317,532.260914557657,531.660914557657,423.74097424057953
50.62387559183816,532.7974388101719,532.1974388101719,424.1774984930945
50.423875591838154,532.8434038871993,532.2434038871993,424.1234635701219
50.23463208647172,533.1541603818329,532.5541603818328,424.33422006475547
50.541888133770485,533.9541603818328,533.3541603818328,425.0414761120542
50.34188813377048,533.8979326119326,533.2979326119325,424.88524834215394
50.14188813377048,534.031622503275,533.431622503275,424.91893823349636
49.967258822729896,534.3569931922344,533.7569931922344,425.14430892245576
50.03520405238485,534.9249384218894,534.3249384218893,425.6122541521107
50.323035823401895,535.7127701929064,535.1127701929064,426.30008592312777
50.43469785622321,536.3244322257277,535.7244322257277,426.8117479559491
50.23469785622321,536.4978076398164,535.8978076398164,426.88512337003783
50.034697856223204,536.432431748036,535.832431748036,426.71974747825743
49.8346978562232,536.4694586895544,535.8694586895543,426.6567744197758
49.98135268275908,537.1161135160902,536.5161135160902,427.20342924631166
50.31723791274578,537.9161135160901,537.3161135160901,427.93931447629836
50.27497203867242,538.3738476420168,537.7738476420168,428.297048602225
50.80550384834128,539.1738476420168,538.5738476420167,429.097048602225
50.708553534085844,539.5768973277613,538.9768973277613,429.40009828796957
50.75283430997545,540.1211781036509,539.5211781036509,429.84437906385915
50.89264526053592,540.7609890542113,540.1609890542113,430.38419001441963
51.37105618071596,541.5609890542113,540.9609890542113,431.18419001441964
51.21697614874505,541.9069090222404,541.3069090222403,431.4301099824487
51.376786400643624,542.5667192741389,541.9667192741389,431.98992023434727
51.72776145135671,543.3667192741389,542.7667192741388,432.74089528506033
52.52776145135671,544.1667192741388,543.5667192741388,433.54089528506034
52.536015922871904,544.674973745654,544.074973745654,433.94914975657554
52.3360159228719,544.6432982666531,544.0432982666531,433.8174742775746
52.1360159228719,544.6449205022888,544.0449205022887,433.7190965132102
52.27314479984778,545.2820493792647,544.6820493792646,434.2562253901861
52.45380841795631,545.9627129973732,545.3627129973731,434.83688900829463
52.3131761411338,546.3220807205506,545.7220807205506,435.0962567314721
52.61269177289029,547.121596352307,546.521596352307,435.7957723632286
52.52215420294445,547.5310587823612,546.9310587823612,436.10523479328276
52.322154202944446,547.8012346988459,547.2012346988458,436.27541070976736
52.122154202944444,547.9331547316806,547.3331547316806,436.30733074260206
52.15220042588843,548.4632009546245,547.8632009546245,436.73737696554605
52.21330255094152,549.0243030796777,548.4243030796777,437.19847909059916
52.47669732696849,549.7876978557047,549.1876978557046,437.8618738666261
52.72476143318045,550.5357619619166,549.9357619619166,438.5099379728381
52.79270510075091,551.1037056294871,550.5037056294871,438.97788164040855
52.68249544870606,551.4934959774422,550.8934959774422,439.2676719883637
52.482495448706054,551.7194205895722,551.1194205895722,439.3935966004937
52.72344913391016,552.4603742747763,551.8603742747763,440.03455028569783
52.523449133910155,552.5125677040885,551.9125677040885,439.98674371501
52.604786214222926,553.0939047844013,552.4939047844013,440.46808079532275
52.611196402527455,553.6003149727059,553.0003149727058,440.87449098362725
52.835359906271805,554.3244784764502,553.7244784764501,441.4986544873716
53.562631984353686,555.1244784764501,554.5244784764501,442.2986544873716
53.36263198435368,555.3592648575418,554.7592648575418,442.43344086846326
53.16263198435368,555.6382116884141,555.0382116884141,442.61238769933556
53.24703025148914,556.2226099555496,555.6226099555496,443.09678596647103
53.22693303632168,556.7025127403822,556.1025127403822,443.4766887513036
53.072151271010455,557.047730975071,556.447730975071,443.72190698599235
53.54091502807642,557.8477309750709,557.2477309750709,444.52190698599236
53.69963083128031,558.5064467782748,557.9064467782748,445.08062278919624
53.49963083128031,558.7681673743883,558.1681673743883,445.2423433853097
53.87591765823108,559.5681673743883,558.9681673743883,446.01863021226046
53.78785027858109,559.9800999947383,559.3800999947383,446.3305628326105
54.19482481996811,560.7800999947383,560.1800999947383,447.1305628326105
54.054895825238056,561.1401710000082,560.5401710000082,447.39063383788044
54.065588269927304,561.6508634446974,561.0508634446974,447.8013262825697
54.55012781469895,562.4508634446973,561.8508634446973,448.6013262825697
54.35012781469895,562.6014416383601,562.0014416383601,448.6519044762325
54.570505287738364,563.3218191113996,562.7218191113996,449.2722819492719
54.813581018842676,564.0648948425039,563.4648948425039,449.91535768037625
54.753410259673394,564.5047240833346,563.9047240833346,450.255186921207
54.55341025967339,564.660132878506,564.060132878506,450.3105957163784
54.85815680536691,565.460132878506,564.860132878506,451.0153422620719
54.83965285041252,565.9416289235515,565.3416289235515,451.3968383071175
54.71100790031335,566.3129839734523,565.7129839734523,451.6681933570183
54.511007900313345,566.6050522912734,566.0050522912734,451.86026167483936
54.35807543373018,567.0521198246903,566.4521198246903,451.70732920825617
54.36818378545517,567.6622281764153,567.0622281764153,451.7174375599812
54.51646085164979,568.4105052426099,567.8105052426099,451.8657146261758
54.39061768673588,568.884662077696,568.284662077696,451.7398714612619
54.61225939033156,569.684662077696,569.084662077696,451.9615131648576
55.38866453537994,570.4846620776959,569.8846620776959,452.737918309906
55.188664535379935,570.8536941364487,570.2536941364486,452.537918309906
54.98866453537993,571.0825136841228,570.4825136841228,452.337918309906
55.59754426604248,571.8825136841227,571.2825136841227,452.9467980405686
55.800463477455466,572.6825136841227,572.0825136841227,453.14971725198154
55.60046347745546,572.9967674058212,572.3967674058212,452.94971725198155
55.40046347745546,572.8795187649076,572.2795187649076,452.74971725198156
55.29422536515284,573.373280652605,572.773280652605,452.64347913967896
55.41262624752158,574.0916815349738,573.4916815349737,452.7618800220477
55.36749517985303,574.6465504673052,574.0465504673052,452.71674895437917
55.16749517985303,574.7340875415608,574.1340875415608,452.5167489543792
55.26128443359039,575.4278767952982,574.8278767952982,452.61053820811657
55.40104203558547,576.1676343972932,575.5676343972932,452.75029581011165
55.445865092240076,576.8124574539478,576.2124574539478,452.79511886676624
56.23186367471769,577.5984560364254,576.9984560364254,452.98111744924387
56.09506257991925,578.061654941627,577.461654941627,452.8443163544454
55.89506257991925,578.0742514040861,577.4742514040861,452.64431635444544
55.69813879798444,578.4773276221513,577.8773276221513,452.44739257251064
55.67384484862233,579.0530336727892,578.4530336727892,452.4230986231485
55.661388229296996,579.6405770534639,579.0405770534638,452.41064200382317
56.030345471905996,580.4405770534638,579.8405770534638,452.77959924643216
55.83034547190599,580.6756441203197,580.0756441203197,452.57959924643217
55.75369663100983,581.1989952794236,580.5989952794235,452.502950405536
55.70784060508702,581.7531392535008,581.1531392535007,452.4570943796132
55.50784060508702,581.5531392535007,580.9531392535007,452.2570943796132
55.31821473257731,581.963513380991,581.363513380991,452.0674685071035
55.44375204760586,582.6890506960195,582.0890506960195,452.1930058221321
55.471659326467524,583.3169579748812,582.7169579748812,452.22091310099376
55.27165932646752,583.4724242621222,582.8724242621222,452.02091310099377
55.137678203306194,583.9384431389609,583.3384431389609,451.88693197783243
55.469161596801406,584.7384431389609,584.1384431389608,452.21841537132764
55.2691615968014,584.9626744585883,584.3626744585882,452.01841537132765
55.3696048224631,585.66311768425,585.06311768425,452.11885859698936
55.1696048224631,585.6011283513848,585.0011283513848,451.91885859698937
54.9696048224631,585.7771139316703,585.1771139316703,451.7188585969894
55.00380139116072,586.4113105003679,585.8113105003679,451.753055165687
54.80380139116072,586.5270055918473,585.9270055918473,451.553055165687
54.6834447380025,587.0066489386891,586.406648938689,451.43269851252876
54.4834447380025,587.2508168361524,586.6508168361523,451.23269851252877
54.283444738002494,587.605396990964,587.005396990964,451.0326985125288
54.43735173449976,588.3593039874612,587.7593039874612,451.18660550902604
54.530416684194996,589.0523689371564,588.4523689371564,451.2796704587213
54.330416684194994,589.2433806918821,588.643380691882,451.0796704587213
54.33084928382696,589.843813291514,589.243813291514,451.08010305835325
54.351943822799555,590.4649078304866,589.8649078304866,451.10119759732584
54.53848059660436,591.2514446042914,590.6514446042913,451.2877343711306
54.338480596604356,591.6243648846133,591.0243648846133,451.08773437113064
54.13848059660435,591.5056074088404,590.9056074088404,450.88773437113065
54.35874047088063,592.3056074088404,591.7056074088404,451.1079942454069
54.25147463387881,592.7983415718386,592.1983415718386,451.0007284084051
54.051474633878804,592.8746754052139,592.2746754052139,450.8007284084051
53.97536705125252,593.3985678225877,592.7985678225876,450.72462082577886
53.775367051252516,593.7628562837127,593.1628562837127,450.52462082577887
53.99408510969658,594.5628562837127,593.9628562837127,450.7433388842229
53.794085109696574,594.9343641545504,594.3343641545504,450.5433388842229
53.750228389197936,595.4905074340518,594.8905074340518,450.4994821637243
53.55022838919793,595.6947884353478,595.0947884353478,450.2994821637243
53.35022838919793,595.8385726198784,595.2385726198784,450.0994821637243
53.15022838919793,595.6385726198783,595.0385726198783,449.8994821637243
52.950228389197925,595.9646826679143,595.3646826679143,449.6994821637243
52.752489494223276,596.3669437729396,595.7669437729396,449.5017432687497
52.59417420375008,596.8086284824665,596.2086284824665,449.3434279782765
52.60012409159329,597.4145783703096,596.8145783703096,449.3493778661197
52.400124091593284,597.8130332172711,597.2130332172711,449.1493778661197
52.38874451463499,598.4016536403128,597.8016536403128,449.13799828916143
52.23820622175411,598.8511153474319,598.2511153474319,448.98745999628056
52.03820622175411,598.9558360867495,598.3558360867495,448.7874599962806
52.240168991338,599.7558360867495,599.1558360867494,448.98942276586445
52.040168991338,599.9138725184107,599.3138725184107,448.78942276586446
51.840168991338,600.0187379982087,599.4187379982087,448.58942276586447
51.775589549435324,600.5541585563061,599.9541585563061,448.5248433239618
52.312146019137906,601.3541585563061,600.754158556306,449.0613997936644
52.39449261526624,602.0365051524344,601.4365051524344,449.14374638979274
52.194492615266235,602.1474067884661,601.5474067884661,448.94374638979275
52.1013530339559,602.6542672071558,602.0542672071558,448.85060680848244
52.30114370364438,603.4540578768443,602.8540578768443,449.0503974781709
52.352576180012846,604.1054903532128,603.5054903532127,449.10182995453937
52.152576180012844,604.3533043452614,603.7533043452613,448.9018299545394
51.95257618001284,604.689284274801,604.0892842748009,448.7018299545394
51.92425580976375,605.2609639045519,604.6609639045517,448.6735095842903
51.934303133308156,605.8710112280963,605.2710112280962,448.6835569078347
51.9518305780213,606.4885386728095,605.8885386728093,448.70108435254787
52.12855363337085,607.265261728159,606.6652617281588,448.8778074078974
51.928553633370846,607.2806490213181,606.680649021318,448.67780740789743
51.92524977413425,607.8773451620815,607.2773451620814,448.6745035486608
51.72524977413425,608.0121976058339,607.4121976058337,448.47450354866083
51.525249774134245,608.0558027902572,607.455802790257,448.27450354866085
51.32524977413424,608.2563095208128,607.6563095208127,448.07450354866086
51.35473586794966,608.8857956146283,608.2857956146281,448.1039896424763
51.154735867949654,609.2646765875272,608.6646765875271,447.9039896424763
51.06199454986693,609.7719352694445,609.1719352694444,447.81124832439355
51.23310510808597,610.5430458276635,609.9430458276634,447.9823588826126
51.03579732356949,610.945738043147,610.3457380431469,447.7850510980961
51.289509260917434,611.745738043147,611.1457380431468,448.03876303544405
51.08950926091743,611.8894342266085,611.2894342266084,447.83876303544406
51.12889445010695,612.528819415798,611.9288194157979,447.8781482246336
50.9685465533451,612.9684715190361,612.368471519036,447.71780032787177
50.78356019188126,613.3834851575723,612.7834851575722,447.5328139664079
50.76123168399248,613.9611566496835,613.3611566496834,447.5104854585191
50.561231683992474,614.2851485092409,613.6851485092408,447.3104854585191
50.60370278097923,614.9276196062277,614.3276196062276,447.35295655550584
50.40370278097923,615.1662304169905,614.5662304169904,447.15295655550585
50.70749668505326,615.9662304169905,615.3662304169903,447.4567504595799
50.569582811189335,616.4283165431266,615.8283165431264,447.318836585716
50.36958281118933,616.3466378434091,615.746637843409,447.118836585716
50.569682208571,617.146637843409,616.5466378434089,447.3189359830977
50.673005699728456,617.8499613345665,617.2499613345664,447.42225947425516
50.47300569972845,618.1957889796688,617.5957889796687,447.22225947425517
50.31913116514657,618.641914445087,618.0419144450868,447.0683849396733
50.11913116514657,619.0367254153049,618.4367254153047,446.8683849396733
49.91913116514657,619.3899692762606,618.7899692762604,446.66838493967333
49.719131165146564,619.699552835692,619.0995528356918,446.46838493967334
49.51913116514656,619.8666428831051,619.266642883105,446.26838493967335
49.31913116514656,620.2436972860265,619.6436972860264,446.06838493967336
49.29150846153212,620.816074582412,620.2160745824119,446.0407622360589
49.091508461532115,621.1143024720512,620.5143024720511,445.84076223605894
48.89150846153211,621.0443378915827,620.4443378915826,445.64076223605895
48.83129858544689,621.5841280154975,620.9841280154974,445.5805523599737
49.02365737684808,622.3764868068987,621.7764868068986,445.7729111513749
48.823657376848075,622.5443626061126,621.9443626061125,445.5729111513749
48.75977172603415,623.0804769552986,622.4804769552985,445.509025500561
49.31157258983836,623.8804769552986,623.2804769552985,446.0608263643652
49.11157258983836,624.1262504521535,623.5262504521534,445.8608263643652
49.17217104562454,624.7868489079397,624.1868489079395,445.9214248201514
49.09933103031579,625.3140088926309,624.7140088926308,445.84858480484263
48.899736931145085,625.7144147934602,625.11441479346,445.6489907056719
48.742587027211364,626.1572648895265,625.5572648895263,445.4918408017382
48.54258702721136,626.4444293443847,625.8444293443846,445.2918408017382
48.57323293838231,627.0750752555557,626.4750752555556,445.32248671290915
48.37323293838231,627.4211435161029,626.8211435161028,445.12248671290916
48.35109694165748,627.9990075193781,627.399007519378,445.1003507161843
48.15109694165748,628.2773643751118,627.6773643751117,444.90035071618433
47.951096941657475,628.5927541299079,627.9927541299078,444.70035071618435
48.13172855227086,629.3733857405213,628.7733857405211,444.8809823267977
47.931728552270854,629.5475911056687,628.9475911056686,444.68098232679773
47.99251758580507,630.208380139203,629.6083801392028,444.74177136033194
47.792517585805065,630.4659627997187,629.8659627997185,444.54177136033195
47.59251758580506,630.8557766056982,630.2557766056981,444.34177136033196
47.39251758580506,630.8043215026597,630.2043215026596,444.141771360332
47.35955738051661,631.3713612973713,630.7713612973712,444.10881115504355
47.36435241935207,631.9761563362068,631.3761563362067,444.11360619387904
47.27017830111839,632.4819822179732,631.881982217973,444.01943207564534
47.261132235968674,633.0729361528234,632.4729361528233,444.0103860104956
47.06113223596867,633.3329535822409,632.7329535822407,443.8103860104956
47.446025418499644,634.1329535822408,633.5329535822407,444.1952791930266
47.66213014424355,634.9329535822408,634.3329535822406,444.41138391877047
48.462130144243545,635.7329535822407,635.1329535822406,444.6317247952442
48.26213014424354,635.9478613046487,635.3478613046485,444.43172479524424
48.06213014424354,635.9346772928741,635.334677292874,444.23172479524425
47.99346490980478,636.4660120584354,635.8660120584352,444.1630595608055
47.94411142676178,637.0166585753924,636.4166585753923,444.1137060777625
47.823095777827824,637.4956429264585,636.8956429264583,443.99269042882855
47.62309577782782,637.647079435676,637.0470794356759,443.79269042882856
47.80130171808499,638.4252853759332,637.825285375933,443.9708963690857
47.62979102326456,638.8537746811128,638.2537746811126,443.7993856742653
47.429791023264556,639.061215392178,638.4612153921779,443.5993856742653
47.22979102326455,639.4108871411961,638.810887141196,443.3993856742653
47.07291653828493,639.8540126562165,639.2540126562163,443.2425111892857
46.872916538284926,640.0536988284463,639.4536988284461,443.04251118928573
47.583886226184696,640.8536988284462,640.2536988284461,443.7534808771855
47.38388622618469,641.1503362325869,640.5503362325868,443.5534808771855
47.48010893112292,641.8465589375252,641.246558937525,443.6497035821237
47.92929880017986,642.6465589375251,642.046558937525,444.09889345118063
47.729298800179855,642.9931981576676,642.3931981576675,443.89889345118064
47.52929880017985,643.0811005941188,642.4811005941186,443.69889345118065
47.47053335456816,643.6223351485071,643.022335148507,443.64012800556895
47.27053335456816,643.8364727843463,643.2364727843461,443.44012800556897
47.070533354568155,643.8527893069497,643.2527893069496,443.240128005569
46.87053335456815,643.9583149708745,643.3583149708744,443.040128005569
46.67053335456815,643.9663256120631,643.366325612063,442.840128005569
46.47053335456815,644.2436873647415,643.6436873647414,442.640128005569
46.34790326289767,644.721057273071,644.1210572730708,442.5174979138985
46.72849300646682,645.5210572730709,644.9210572730708,442.89808765746767
46.70231175290581,646.0948760195099,645.4948760195098,442.8719064039067
46.855285731500665,646.8478499981047,646.2478499981046,443.0248803825015
46.65528573150066,646.6965671828553,646.0965671828552,442.82488038250153
46.60805147523036,647.249332926585,646.6493329265849,442.7776461262312
46.47109003319502,647.7123714845496,647.1123714845495,442.6406846841959
46.271090033195016,648.0469258717375,647.4469258717373,442.4406846841959
46.15800929928328,648.5338451378258,647.9338451378256,442.3276039502842
45.958009299283276,648.5253298256965,647.9253298256964,442.1276039502842
46.044804107803614,649.2121246342168,648.6121246342167,442.2143987588045
45.88642187123244,649.6537423976456,649.0537423976455,442.05601652223334
46.00916304694186,650.376483573355,649.7764835733549,442.17875769794273
46.30516980030807,651.176483573355,650.5764835733548,442.47476445130894
46.38870052757966,651.8600143006265,651.2600143006264,442.5582951785805
46.29981156669418,652.3711253397411,651.7711253397409,442.46940621769505
46.328602234049356,652.9999160070962,652.3999160070961,442.4981968850502
46.436328528011515,653.7076423010584,653.1076423010583,442.6059231790124
46.758223767113066,654.5076423010584,653.9076423010582,442.92781841811393
46.68315543890167,655.032573972847,654.4325739728469,442.85275008990254
47.03457155111097,655.832573972847,655.2325739728468,443.2041662021118
46.83457155111097,656.1045571837401,655.50455718374,443.00416620211183
46.709839625230615,656.5798252578597,655.9798252578596,442.8794342762315
47.04710507507009,657.3798252578597,656.7798252578596,443.216699726071
47.03986779818505,657.9725879809747,657.3725879809746,443.80946244918596
47.16551471986222,658.6982349026518,658.0982349026517,444.53510937086315
46.96976236673647,659.1024825495261,658.502482549526,444.9393570177374
46.769762366736465,659.2003474157192,658.600347415719,445.03722188393044
47.23231410763019,660.0003474157191,659.400347415719,445.83722188393045
47.097806283885966,660.4658395919749,659.8658395919748,446.30271406018625
47.04584612255596,661.0138794306449,660.4138794306448,446.8507538988562
46.845846122555955,661.3124774077098,660.7124774077097,447.14935187592107
46.68188713408465,661.7485184192385,661.1485184192384,447.58539288744976
46.80747793360629,662.4741092187602,661.87410921876,448.3109836869714
46.80319411430628,663.0698253994602,662.4698253994601,448.90669986767136
46.94200187134733,663.8086331565013,663.2086331565012,449.6455076247124
46.74200187134733,663.9858310149217,663.3858310149216,449.82270548313284
46.63560837674574,664.4794375203201,663.8794375203199,450.31631198853125
46.43560837674574,664.4090803145941,663.809080314594,450.24595478280537
46.353806620890126,664.9272785587385,664.3272785587384,450.76415302694977
46.46632865096326,665.6398005888117,665.0398005888115,451.47667505702293
46.82044296874711,666.4398005888116,665.8398005888115,452.27667505702294
47.26138487162389,667.2398005888116,666.6398005888115,453.07667505702295
47.63662565452554,668.0398005888115,667.4398005888114,453.87667505702296
47.45648765922209,668.4596625935081,667.859662593508,454.2965370617195
47.25648765922209,668.8070450865391,668.207045086539,454.64391955475054
47.630844869831726,669.6070450865391,669.0070450865389,455.44391955475055
47.43084486983172,669.8385335923163,669.2385335923161,455.67540806052773
47.47576318533675,670.4834519078213,669.8834519078212,456.32032637603277
47.331725281741086,670.9394140042257,670.3394140042255,456.7762884724371
47.13172528174108,670.9557478157491,670.3557478157489,456.7926222839605
46.93172528174108,671.1866960209894,670.5866960209893,457.02357048920084
46.91228447611283,671.7672552153612,671.167255215361,457.6041296835726
47.079642143737416,672.5346128829857,671.9346128829856,458.3714873511972
47.62518676413621,673.3346128829857,672.7346128829855,459.1714873511972
47.74093275990894,674.0503588787584,673.4503588787583,459.88723334696994
47.70427183155724,674.6136979504067,674.0136979504066,460.45057241861826
47.9004256897026,675.409851808552,674.8098518085519,461.24672627676364
47.83980277983029,675.9492288986797,675.3492288986796,461.7861033668913
47.716747214942664,676.4261733337921,675.826173333792,462.2630478020037
47.684204009485086,676.9936301283345,676.3936301283344,462.8305045965461
47.779204783732126,677.6886309025816,677.0886309025815,463.52550537079316
47.628608382142104,678.1380345009916,677.5380345009914,463.9749089692031
47.4286083821421,678.5054523061208,677.9054523061207,464.34232677433226
47.655728105374955,679.3054523061207,678.7054523061206,465.1423267743323
47.45572810537495,679.3821725921969,678.7821725921967,465.2190470604084
47.38530454506023,679.9117490318821,679.311749031882,465.7486235000937
47.27964965817677,680.4060941449986,679.8060941449985,466.2429686132102
47.07964965817677,680.6936298180217,680.0936298180216,466.5305042862333
46.90968481879772,681.1236649786426,680.5236649786425,466.9605394468542
46.70968481879772,681.3377239884686,680.7377239884685,467.17459845668026
46.523547569237174,681.751586738908,681.1515867389079,467.58846120711974
46.607278781629304,682.4353179513001,681.8353179513,468.27219241951184
46.4072787816293,682.8268668937383,682.2268668937381,468.66374136195003
46.6503966438255,683.6268668937382,683.0268668937381,469.46374136195004
46.517828732092546,684.0942989820053,683.4942989820051,469.9311734502171
46.427797729285885,684.6042679791987,684.0042679791985,470.4411424474104
46.39023278646765,685.1667030363805,684.5667030363803,471.00357750459216
46.32879403989933,685.7052642898121,685.105264289812,471.54213875802384
46.79334875354862,686.5052642898121,685.905264289812,472.34213875802385
46.85796622587091,687.1698817621344,686.5698817621343,473.0067562303461
46.73011275552857,687.6420282917921,687.042028291792,473.4789027600038
46.582155837929356,688.0940713741929,687.4940713741928,473.9309458424046
46.79045838020714,688.8940713741929,688.2940713741928,474.7309458424046
46.59045838020714,689.0143590219335,688.4143590219334,474.8512334901452
46.75031083467149,689.7742114763978,689.1742114763977,475.61108594460956
46.550310834671485,689.9833743162397,689.3833743162396,475.8202487844515
46.35031083467148,690.3552160076782,689.7552160076781,476.19209047589
46.44417902762462,691.0490842006313,690.4490842006312,476.8859586688431
46.24417902762462,691.0164909328485,690.4164909328483,476.8533654010603
46.502270077151564,691.8164909328484,691.2164909328483,477.6533654010603
46.30227007715156,692.0407446807654,691.4407446807653,477.87761914897726
46.10227007715156,692.2405699853525,691.6405699853524,478.07744445356434
46.203456139874554,692.9417560480755,692.3417560480754,478.7786305162873
46.00345613987455,693.0240164580562,692.424016458056,478.860890926268
45.978470094254234,693.5990304124358,692.9990304124357,479.4359048806477
45.79186200547028,694.0124223236519,693.4124223236518,479.8492967918637
45.613765453838916,694.4343257720205,693.8343257720204,480.27120024023236
45.55405807628008,694.9746183944617,694.3746183944615,480.8114928626735
45.354058076280076,695.2313759125137,694.6313759125136,481.06825038072554
45.15405807628007,695.4933292963481,694.8933292963479,481.3302037645599
45.578617668251525,696.293329296348,695.6933292963479,482.1302037645599
45.37861766825152,696.4020272234845,695.8020272234844,482.23890169169647
45.77736526466222,697.2020272234845,696.6020272234844,483.0389016916965
45.57736526466222,697.392263362182,696.7922633621819,483.229137830394
45.37736526466222,697.5542518211337,696.9542518211335,483.3911262893457
45.60465519372678,698.3542518211336,697.7542518211335,484.19112628934573
45.62789948011315,698.97749610752,698.3774961075198,484.8143705757321
45.859610880658934,699.7774961075199,699.1774961075198,485.6143705757321
45.824087189745555,700.3419724166066,699.7419724166065,486.1788468848187
45.81649747500128,700.9343827018623,700.3343827018622,486.7712571700744
45.616497475001275,701.2004845421815,700.6004845421813,487.03735901039363
45.41649747500127,701.3073919183456,700.7073919183455,487.1442663865578
45.21649747500127,701.3886867751087,700.7886867751085,487.2255612433208
45.28514788297476,702.0573371830822,701.457337183082,487.89421165129426
45.24791444509812,702.6201037452055,702.0201037452053,488.45697821341764
45.6529459027644,703.4201037452054,702.8201037452053,489.25697821341765
45.79470692271326,704.1618647651543,703.5618647651542,489.9987392333665
45.59470692271326,704.3724092752251,703.772409275225,490.20928374343725
45.394706922713254,704.3877344281606,703.7877344281604,490.2246088963728
45.66501158427723,705.1877344281605,704.5877344281604,491.0246088963728
46.3427508620231,705.8654737059064,705.2654737059063,491.70234817411864
46.25067258911078,706.3733954329941,705.773395432994,492.21026990120635
46.06662424146489,706.7893470853483,706.1893470853481,492.62622155356047
46.30950529744139,707.0322281413247,706.4322281413246,493.369102609537
46.18228698410216,706.9050098279855,706.3050098279854,493.7418842961978
46.32443878822344,707.0471616321067,706.4471616321066,494.38403610031907
46.32877446948692,707.0514973133702,706.45149731337,494.8883717815825
46.16488919508581,706.8876120389691,706.287612038969,495.22448650718144
46.162962514142535,706.8856853580259,706.2856853580257,495.7225598262382
46.29387828130051,707.0166011251838,706.4166011251837,496.3534755933961
46.326761222478254,707.0494840663615,706.4494840663614,496.8863585345739
46.353270110239855,707.0759929541231,706.475992954123,497.4128674223355
46.464273419204495,707.1869962630877,706.5869962630876,498.0238707313002
46.54191223800463,707.2646350818878,706.6646350818877,498.60150955010033
46.341912238004625,707.0646350818878,706.4646350818876,498.62191539894894
46.173636403622254,706.8963592475054,706.2963592475053,498.9536395645666
46.262280499031,706.9850033429142,706.385003342914,499.54228365997534
46.062280499031,706.7850033429141,706.185003342914,499.83319733862214
46.1624263459578,706.885149189841,706.2851491898408,500.43334318554895
45.962426345957795,706.6851491898409,706.0851491898408,500.58140579427294
45.85153368829837,706.5742565321815,705.9742565321814,500.97051313661353
45.883724331499636,706.6064471753828,706.0064471753826,501.5027037798148
45.74940925375655,706.4721320976397,705.8721320976396,501.8683887020717
46.220672099377104,706.9433949432603,706.3433949432601,502.6683887020717
46.55870234005005,707.2814251839333,706.6814251839331,503.4683887020717
46.91687984196977,707.639602685853,707.0396026858529,504.2683887020717
46.87399691354065,707.5967197574239,706.9967197574238,504.7255057736426
46.67399691354065,707.3967197574239,706.7967197574237,504.7057512737971
46.473996913540645,707.1967197574238,706.5967197574237,504.5363612299393
46.28258158310842,707.0053044269915,706.4053044269914,504.8449458995071
46.13232824062508,706.8550510845082,706.2550510845081,505.19469255702376
46.6726455608709,707.395368404754,706.7953684047538,505.99469255702377
46.83544770079111,707.5581705446742,706.9581705446741,506.65749469694396
47.07178282636358,707.7945056702467,707.1945056702466,507.3938298225164
47.258037105838916,707.980759949722,707.3807599497219,508.08008410199176
47.30848025141435,708.0312030952974,707.4312030952973,508.6305272475672
47.45010742472349,708.1728302686066,707.5728302686065,509.27215442087635
48.04389736783623,708.7666202117193,708.1666202117192,510.07215442087636
47.84389736783623,708.5666202117193,707.9666202117191,510.3477813440411
48.16572027555817,708.8884431194413,708.2884431194411,511.1477813440411
48.093946216324824,708.8166690602079,708.2166690602078,511.57600728480776
47.971721415399834,708.6166690602079,708.0166690602077,511.4537824838828
48.74753679287576,708.8924844376838,708.2924844376837,512.2295978613587
49.50662304969966,709.6515706945078,709.0515706945076,513.0295978613586
49.592424316263696,709.7373719610719,709.1373719610717,513.6153991279227
49.39242431626369,709.5373719610718,708.9373719610717,513.7851112374232
49.19242431626369,709.3373719610718,708.7373719610716,513.6976070011569
49.56128919459942,709.7062368394074,709.1062368394073,514.4976070011569
49.41227942762846,709.5572270724365,708.9572270724364,514.848597234186
49.55187256466248,709.6968202094705,709.0968202094704,515.48819037122
49.58365707095372,709.7286047157618,709.1286047157616,516.0199748775112
49.38365707095372,709.5286047157617,708.9286047157616,515.8199748775112
49.834548169472264,709.9794958142803,709.3794958142802,516.6199748775111
49.75842627102389,709.9033739158319,709.3033739158318,517.0438529790628
49.618118319494265,709.7630659643023,709.1630659643022,517.4035450275331
49.41811831949426,709.5630659643023,708.9630659643021,517.5778091300514
49.38872337345299,709.533671018261,708.9336710182608,518.0484141840101
49.29630821160176,709.4412558564097,708.8412558564096,518.4559990221588
49.4138027818283,709.5587504266363,708.9587504266361,519.0734935923854
49.333064699454766,709.4780123442628,708.8780123442626,519.4927555100119
49.43602238210399,709.580970026912,708.9809700269119,520.0957131926612
49.249550815147174,709.3944984599552,708.7944984599551,520.4092416257043
49.360433915960265,709.5053815607683,708.9053815607682,521.0201247265175
49.247303797789606,709.3922514425977,708.7922514425976,521.4069946083468
49.2560826418951,709.4010302867032,708.801030286703,521.9157734524523
49.056082641895095,709.2010302867031,708.601030286703,522.0779583772206
49.07150075897164,709.2164484037797,708.6164484037796,522.5933764942972
49.6034104994337,709.7483581442418,709.1483581442417,523.3933764942972
49.4034104994337,709.5483581442418,708.9483581442416,523.514800044083
49.67513018969248,709.8200778345006,709.2200778345004,524.2865197343418
49.87126009128713,710.0162077360952,709.4162077360951,524.9826496359365
50.04995847950018,710.1949061243083,709.5949061243082,525.6613480241496
49.849958479500174,709.9949061243083,709.3949061243081,525.7490165961983
50.49066074369378,710.6356083885019,710.0356083885017,526.5490165961983
50.29066074369378,710.4356083885018,709.8356083885017,526.3490165961982
50.090660743693775,710.2356083885018,709.6356083885016,526.5321995534784
50.023689069455024,710.168636714263,709.5686367142629,526.9652278792397
50.04015726963991,710.185104914448,709.5851049144478,527.4816960794246
49.954491047182614,710.0994386919906,709.4994386919905,527.8960298569673
49.798154318668814,709.9431019634768,709.3431019634767,528.2396931284535
49.604589642883795,709.7495372876917,709.1495372876916,528.5461284526684
49.43790830308276,709.5828559478907,708.9828559478906,528.8794471128674
49.41103409870618,709.5559817435142,708.955981743514,529.3525729084909
49.47023562479838,709.6151832696064,709.0151832696063,529.9117744345831
49.515617609894434,709.6605652547024,709.0605652547023,530.4571564196791
49.57409009400024,709.7190377388082,709.1190377388081,531.0156289037849
49.37409009400024,709.5190377388082,708.919037738808,531.1754978747248
49.19602307731598,709.3409707221239,708.7409707221237,531.4974308580405
49.996023077315975,710.1409707221238,709.5409707221237,532.2974308580405
49.79925284435705,709.9442004891649,709.3442004891648,532.6006606250816
49.74083198594142,709.8857796307493,709.2857796307492,533.042239766666
49.74644461287519,709.891392257683,709.2913922576829,533.5478523935997
49.86300014880185,710.0079477936097,709.4079477936095,534.1644079295263
49.66300014880185,709.8079477936096,709.2079477936095,534.3271741135305
49.46300014880185,709.6079477936096,709.0079477936094,534.5429161748937
49.694863449148926,709.8398110939567,709.2398110939565,535.2747794752407
49.57274776301156,709.7176954078193,709.1176954078192,535.6526637891034
49.86424478337395,710.0091924281817,709.4091924281815,536.4441608094658
50.278130232810625,710.4230778776183,709.8230778776182,537.2441608094657
50.466145400187614,710.6110930449953,710.0110930449952,537.9321759768427
50.26614540018761,710.4110930449953,709.8110930449951,538.1734579351279
50.06614540018761,710.2110930449952,709.6110930449951,538.3875204215151
49.91221977415842,710.0571674189661,709.4571674189659,538.7335947954859
49.71221977415842,710.3396386829116,709.7396386829115,538.5335947954859
49.557366288023935,710.6847851967772,710.084785196777,538.3787413093514
49.74981076659082,711.3772296753441,710.777229675344,538.5711857879184
49.620234003188635,711.7476529119419,711.1476529119418,538.4416090245162
49.42023400318863,712.0075300543737,711.4075300543735,538.2416090245162
49.22023400318863,712.2812426554295,711.6812426554294,538.0416090245161
49.02023400318863,712.4245686439872,711.824568643987,537.8416090245161
48.820234003188624,712.7120774898268,712.1120774898267,537.641609024516
48.71479954092615,713.1066430275644,712.5066430275642,537.5361745622536
48.51479954092615,713.2855979560694,712.6855979560693,537.3361745622535
48.52275591870087,713.7935543338441,713.193554333844,537.3441309400282
48.78731831406918,714.5581167292124,713.9581167292123,537.6086933353965
48.83623840325231,715.1070368183956,714.5070368183955,537.6576134245797
49.05970919669424,715.8305076118376,715.2305076118374,537.8810842180217
49.262262679186556,716.5330610943299,715.9330610943298,538.083637700514
49.30561828040121,717.0764166955446,716.4764166955445,538.1269933017287
49.543344256701204,717.8141426718446,717.2141426718445,538.3647192780287
49.635732715592916,718.4065311307363,717.8065311307362,538.4571077369204
50.20381711567905,719.2065311307363,718.6065311307361,539.0251921370066
50.13982900346717,719.6425430185244,719.0425430185243,538.9612040247947
50.139467360858504,720.1421813759157,719.5421813759156,538.960842382186
50.38459395017896,720.8873079652361,720.287307965236,539.2059689715064
50.18682024964924,721.1895342647064,720.5895342647062,539.0081952709767
49.986820249649234,721.4082632234184,720.8082632234183,538.8081952709766
50.469088208959924,722.2082632234184,721.6082632234182,539.2904632302873
50.69790564252979,722.9370806569882,722.3370806569881,539.5192806638571
50.92864834746598,723.6678233619244,723.0678233619243,539.7500233687933
51.21061927779864,724.4497942922571,723.849794292257,540.031994299126
51.01061927779864,724.7009518396776,724.1009518396775,539.831994299126
51.06876711943048,725.2590996813094,724.6590996813093,539.8901421407578
51.148121571823665,725.8384541337026,725.2384541337025,539.969496593151
51.749280281145694,726.6384541337026,726.0384541337024,540.570655302473
51.558654872082926,726.9478287246397,726.3478287246396,540.3800298934102
51.93043239053897,727.7478287246397,727.1478287246396,540.7518074118663
51.91245260145907,728.2298489355599,727.6298489355597,540.7338276227864
51.82923952007162,728.6466358541724,728.0466358541722,540.6506145413989
51.629239520071614,728.7384382754208,728.1384382754206,540.4506145413989
52.02188563980735,729.5384382754207,728.9384382754206,540.8432606611347
52.82188563980735,730.3384382754207,729.7384382754205,541.6432606611346
52.76673077638124,730.7832834119946,730.1832834119945,541.5881057977085
52.566730776381235,730.7431300575413,730.1431300575412,541.3881057977085
52.36673077638123,730.8714461516595,730.2714461516593,541.1881057977084
52.303832951798846,731.3085483270771,730.708548327077,541.1252079731261
52.45132380748846,731.9560391827667,731.3560391827666,541.2726988288157
52.251323807488454,732.2139024037756,731.6139024037755,541.0726988288156
52.54338766739979,733.0059662636869,732.4059662636868,541.364762688727
52.40048033659293,733.36305893288,732.7630589328799,541.22185535792
52.24883928884294,733.71141788513,733.1114178851299,541.0702143101701
52.048839288842935,733.8933549128803,733.2933549128802,540.87021431017
51.84883928884293,733.6933549128803,733.0933549128802,540.67021431017
51.7311144986893,734.0756301227267,733.4756301227266,540.5524895200164
51.88380358640155,734.7283192104389,734.1283192104388,540.7051786077286
51.89147588005915,735.2359915040965,734.6359915040964,540.7128509013862
52.42219865152588,736.0359915040965,735.4359915040964,541.2435736728529
52.6306125908526,736.7444054434233,736.1444054434231,541.4519876121797
52.75339732228653,737.3671901748572,736.7671901748571,541.5747723436136
52.91062384166691,738.0244166942376,737.4244166942375,541.731998862994
52.864917380056795,738.4787102326275,737.8787102326273,541.6862924013839
53.111643359771456,739.2254362123422,738.625436212342,541.9330183810986
52.91164335977145,739.3891270121449,738.7891270121447,541.7330183810985
52.911581240295995,739.8890648926694,739.2890648926692,541.732956261623
52.91437133663758,740.391854989011,739.7918549890109,541.7357463579647
53.012739751591454,740.9902234039648,740.3902234039647,541.8341147729185
52.96618254643376,741.4436661988071,740.843666198807,541.7875575677608
52.766182546433754,741.6961367194068,741.0961367194067,541.5875575677608
53.026321611147026,742.4562757841201,741.8562757841199,541.847696632474
53.2237565578696,743.1537107308426,742.5537107308425,542.0451315791965
53.3148743665026,743.7448285394756,743.1448285394755,542.1362493878296
53.718635643544566,744.5448285394756,743.9448285394755,542.5400106648716
53.96441300146102,745.2906058973921,744.690605897392,542.7857880227881
54.10727926352442,745.9334721594555,745.3334721594554,542.9286542848515
53.907279263524416,746.1711554052417,745.5711554052416,542.7286542848515
53.82851086482384,746.5923870065411,745.992387006541,542.6498858861509
53.770433891413575,747.0343100331309,746.4343100331307,542.5918089127406
53.57043389141357,747.2790406444805,746.6790406444803,542.3918089127405
53.61164542793339,747.8202521810002,747.2202521810001,542.4330204492603
53.49450597295472,748.2031127260216,747.6031127260214,542.3158809942817
53.52547249883447,748.7340792519013,748.1340792519012,542.3468475201614
53.44586379401458,749.1544705470815,748.5544705470813,542.2672388153416
53.62069139129805,749.829298144365,749.2292981443649,542.4420664126251
54.35233653878098,750.629298144365,750.0292981443648,543.173711560108
54.39262028743687,751.1695818930208,750.5695818930207,543.2139953087639
54.19262028743687,751.2427574521909,750.6427574521907,543.0139953087638
53.992620287436864,751.4648928315183,750.8648928315182,542.8139953087638
53.79262028743686,751.675273586141,751.0752735861408,542.6139953087637
53.59262028743686,751.8044343695991,751.204434369599,542.4139953087637
53.56602301014843,752.2778370923106,751.6778370923105,542.3873980314752
53.506828297926745,752.7186423800889,752.1186423800888,542.3282033192535
53.69212386655705,753.4039379487192,752.8039379487191,542.5134988878838
53.786945723365164,753.9987598055274,753.3987598055272,542.6083207446919
53.60221437843382,754.314028460596,753.7140284605958,542.4235893997605
53.40221437843382,754.4528631294453,753.8528631294452,542.2235893997605
53.44404826113812,754.9946970121496,754.3946970121494,542.2654232824648
53.57910504059355,755.629753791605,755.0297537916049,542.4004800619202
53.578946652936565,756.1295954039481,755.529595403948,542.4003216742633
53.39858462825783,756.4492333792693,755.8492333792692,542.2199596495846
53.831741073097895,757.2492333792693,756.6492333792692,542.6531160944246
54.52059535903906,758.0492333792693,757.4492333792691,543.3419703803658
54.68575641388654,758.7143944341167,758.1143944341165,543.5071314352132
55.05197014166078,759.5143944341166,758.9143944341165,543.8733451629874
55.104412200954975,760.1668364934109,759.5668364934107,544.5257872222817
55.048746296600214,760.7111705890561,760.111170589056,545.0701213179269
55.084720819307115,761.347145111763,760.7471451117628,545.7060958406338
54.88472081930711,761.4114048514217,760.8114048514216,545.7703555802925
54.686697389926415,761.8133814220411,761.2133814220409,546.1723321509119
54.496555082043166,762.2232391141578,761.6232391141576,546.5821898430286
54.29655508204316,762.5365769709448,761.9365769709447,546.8955276998156
54.53820501737739,763.3365769709447,762.7365769709446,547.6955276998156
54.33820501737739,763.5248434347187,762.9248434347186,547.8837941635895
54.260934303338026,764.0475727206793,763.4475727206792,548.4065234495501
54.06093430333802,764.346428535507,763.7464285355069,548.7053792643778
54.28249147325007,765.146428535507,764.5464285355068,549.5053792643778
54.64861910305489,765.9464285355069,765.3464285355068,550.3053792643777
54.44861910305489,766.2010616380994,765.6010616380993,550.5600123669702
54.248619103054885,766.5881387802701,765.98813878027,550.9470895091409
54.41923456936214,767.3587542465774,766.7587542465773,551.7177049754482
54.58013349374455,768.1196531709599,767.5196531709597,552.4786038998307
54.380133493744545,768.2820227356355,767.6820227356353,552.6409734645063
54.63695706160474,769.0820227356354,768.4820227356353,553.4409734645062
54.43695706160474,769.0892208496587,768.4892208496585,553.4481715785295
54.6071432819991,769.8594070700531,769.2594070700529,554.2183577989239
54.4071432819991,770.1678894923706,769.5678894923705,554.5268402212414
54.405728824723795,770.7664750350953,770.1664750350951,555.1254257639661
54.20572882472379,771.0855188057706,770.4855188057704,555.4444695346414
54.26896302535805,771.7487530064049,771.1487530064047,556.1077037352757
54.217800897179735,772.2975908782265,771.6975908782264,556.6565416070973
54.10552514456102,772.7853151256078,772.1853151256076,557.1442658544786
54.30618138129546,773.5853151256077,772.9853151256076,557.9442658544785
54.10618138129546,773.8630678219816,773.2630678219815,558.2220185508525
54.160145451236936,774.5170318919231,773.917031891923,558.8759826207939
54.128725425838944,775.0856118665251,774.485611866525,559.444562595396
54.3270302382215,775.8839166789077,775.2839166789075,560.2428674077785
54.99573033586009,776.6839166789076,776.0839166789075,561.0428674077784
54.95303866464014,777.2412250076877,776.6412250076876,561.6001757365585
54.75303866464014,777.0412250076877,776.4412250076875,561.4001757365585
54.553038664640134,777.3058437213183,776.7058437213182,561.6647944501891
54.458816778560454,777.8116218352386,777.2116218352385,562.1705725641094
54.43768402732294,778.390489084001,777.7904890840009,562.7494398128719
54.330944259479324,778.8837493161574,778.2837493161572,563.2427000450282
54.13094425947932,779.2196135816048,778.6196135816047,563.5785643104756
54.38518810407197,780.0196135816047,779.4196135816046,564.3785643104756
54.18518810407197,780.185317073204,779.5853170732039,564.5442678020748
53.985188104071966,780.4707026785717,779.8707026785715,564.8296534074425
53.78518810407196,780.7552469608593,780.1552469608591,565.1141976897301
53.58518810407196,781.1237042392163,780.5237042392162,565.4826549680871
53.479303106763766,781.6178192419081,781.017819241908,565.976769970779
53.27930310676376,781.915960871118,781.3159608711179,566.2749115999889
53.07930310676376,782.2384166309956,781.6384166309955,566.5973673598664
53.08551532004607,782.844628844278,782.2446288442778,567.2035795731488
53.15759585191514,783.516709376147,782.9167093761469,567.8756601050178
53.027038963336544,783.9861524875683,783.3861524875682,568.3451032164392
52.82703896333654,784.0214464421198,783.4214464421196,568.3803971709906
53.09877108603271,784.8214464421197,784.2214464421196,569.1803971709905
53.43902866575844,785.6214464421197,785.0214464421196,569.9803971709905
53.28960041338749,786.0720181897487,785.4720181897486,570.4309689186196
53.174334102830684,786.5567518791919,785.9567518791918,570.9157026080627
53.02233160351956,787.0047493798808,786.4047493798806,571.3637001087516
52.84914564414701,787.4315634205083,786.8315634205081,571.7905141493791
52.81610632053745,787.9985240968987,787.3985240968985,572.3574748257695
52.61610632053745,788.0515650653181,787.4515650653179,572.4105157941889
52.9963775140804,788.851565065318,788.2515650653179,573.2105157941888
53.14492662151447,789.6001141727521,789.000114172752,573.9590649016229
53.07590304955919,790.1310906007968,789.5310906007967,574.4900413296676
53.46885969290544,790.9310906007968,790.3310906007966,575.2900413296676
53.42161601423506,791.4838469221264,790.8838469221263,575.8427976509972
53.22161601423506,791.485405872408,790.8854058724079,575.8443566012788
53.11535006774627,791.9791399259192,791.379139925919,576.33809065479
52.946139796030664,792.4099296542036,791.8099296542034,576.7688803830744
53.224189225582435,793.2099296542035,792.6099296542034,577.5688803830743
53.30909764799428,793.8948380766153,793.2948380766152,578.2537888054861
53.32165656209146,794.5073969907126,793.9073969907124,578.8663477195834
53.31697109111833,795.1027115197394,794.5027115197393,579.4616622486102
53.11697109111833,795.2182183812382,794.6182183812381,579.577169110109
52.91697109111833,795.5509110630206,794.9509110630205,579.9098617918914
53.15040847819944,796.3509110630206,795.7509110630205,580.7098617918914
52.976457044669836,796.776959629491,796.1769596294909,581.1359103583618
52.77645704466983,797.127493104942,796.5274931049419,581.4864438338128
52.57645704466983,797.2854483933856,796.6854483933855,581.6443991222565
52.37645704466983,797.3112861874151,796.711286187415,581.670236916286
52.58098530221819,798.1112861874151,797.511286187415,582.4702369162859
52.72424255558129,798.8545434407782,798.2545434407781,583.213494169649
53.00151591325567,799.6545434407782,799.054543440778,584.013494169649
52.971721870987764,800.2247493985103,799.6247493985102,584.5837001273811
52.77172187098776,800.5848418861764,799.9848418861762,584.9437926150472
52.57172187098776,800.7886415311997,800.1886415311996,585.1475922600705
52.49450717808052,801.3114268382924,800.7114268382923,585.6703775671632
52.49046143505697,801.9073810952689,801.3073810952687,586.2663318241397
52.34493403738235,802.3618536975943,801.7618536975941,586.7208044264651
52.49547690787136,803.1123965680832,802.5123965680831,587.471347296954
52.295476907871354,802.9855349515748,802.3855349515746,587.3444856804456
52.67777521600677,803.7855349515747,803.1855349515746,588.1444856804455
52.522353042338054,804.230112777906,803.6301127779059,588.5890635067768
52.32235304233805,804.1230309121371,803.523030912137,588.4819816410079
52.22031308897005,804.6209909587691,804.020990958769,588.9799416876399
52.1773247994705,805.1780026692695,804.5780026692694,589.5369533981403
52.18455842631363,805.7852362961127,805.1852362961125,590.1441870249835
52.13867593084235,806.3393538006413,805.7393538006412,590.6983045295121
51.93867593084235,806.4274992582384,805.8274992582383,590.7864499871092
52.5022345042412,807.2274992582384,806.6274992582382,591.5864499871092
52.3022345042412,807.2674691478495,806.6674691478494,591.6264198767203
52.72942164997624,807.6946562935846,807.0946562935844,592.4264198767203
52.809417348746564,807.7746519923548,807.1746519923547,593.0064155754906
52.938190674836164,807.9034253184444,807.3034253184443,593.6351889015801
52.76162469390495,807.7268593375132,807.1268593375131,593.958622920649
53.24106199947008,808.2062966430784,807.6062966430783,594.7586229206489
53.10241019964549,808.0676448432538,807.4676448432537,595.1199711208243
52.90241019964549,807.8676448432537,807.2676448432536,595.0126782338382
53.31136240102333,808.2765970446316,807.6765970446314,595.8126782338381
53.25445055074021,808.2196851943485,807.6196851943483,596.255766383555
53.45304520407919,808.4182798476875,807.8182798476873,596.954361036894
53.325279042221275,808.2905136858295,807.6905136858294,597.3265948750361
53.31953470899655,808.2847693526048,807.6847693526047,597.8208505418114
53.511980781709845,808.4772154253181,807.877215425318,598.5132966145247
53.36561909624852,808.3308537398568,807.7308537398567,598.8669349290634
53.16561909624852,808.1308537398568,807.5308537398566,598.8256304961274
53.22289023376671,808.188124877375,807.5881248773749,599.3829016336456
53.02289023376671,807.988124877375,807.3881248773748,599.6669742510011
53.41087212112806,808.3761067647363,807.7761067647361,600.466974251001
53.69780303417346,808.6630376777816,808.0630376777815,601.2539051640464
53.55608115080935,808.5213157944175,807.9213157944174,601.6121832806823
53.356081150809345,808.3213157944175,807.7213157944174,601.6669484721215
53.24939714617365,808.2146317897818,807.6146317897817,602.0602644674858
53.34331455533059,808.3085491989387,807.7085491989386,602.6541818766427
53.34352713370359,808.3087617773117,807.7087617773116,603.1543944550157
53.71864945389451,808.6838840975026,808.0838840975025,603.9543944550156
53.537294855987895,808.502529499596,807.9025294995959,604.273039857109
53.33729485598789,808.302529499596,807.7025294995958,604.508339938412
53.47292195583782,808.4381565994458,807.8381565994457,605.1439670382618
53.61393460016567,808.5791692437737,807.9791692437735,605.7849796825897
53.53417113127006,808.499405774878,807.8994057748779,606.205216213694
53.66518705208224,808.6304216956902,808.03042169569,606.8362321345062
53.68502683646999,808.6502614800779,808.0502614800778,607.3560719188939
53.485026836469984,808.4502614800779,807.8502614800777,607.2261553821439
53.559134546693784,808.5243691903016,807.9243691903015,607.8002630923677
53.66663659230015,808.631871235908,808.0318712359078,608.407765137974
53.8608991339907,808.8261337775986,808.2261337775984,609.1020276796646
53.660899133990696,808.6261337775985,808.0261337775984,609.3787700882147
53.71526638595613,808.680501029564,808.0805010295638,609.9331373401801
53.91007829745256,808.8753129410604,808.2753129410603,610.6279492516766
53.710078297452554,808.6753129410604,808.0753129410602,610.7315580419946
53.51007829745255,808.4753129410603,807.8753129410602,610.8056771406406
53.690205367174165,808.655440010782,808.0554400107818,611.4858042103622
54.25016735258235,809.2154019961902,808.61540199619,612.2858042103621
54.05016735258235,809.0154019961901,808.41540199619,612.4835501034111
54.25555630031035,809.2207909439181,808.620790943918,613.1889390511391
54.05555630031035,809.0207909439181,808.420790943918,613.4517513713903
54.6465874456239,809.6118220892316,809.0118220892315,614.2517513713902
54.4465874456239,809.4118220892316,808.8118220892314,614.4839721699004
54.80993902440813,809.7751736680158,809.1751736680156,615.2839721699004
54.60993902440813,809.5751736680157,808.9751736680156,615.5647429341805
54.6056571040572,809.5708917476649,808.9708917476647,616.0604610138296
54.891838929876194,809.8570735734838,809.2570735734837,616.8466428396486
55.01394982375423,809.9791844673618,809.3791844673617,617.4687537335266
54.81394982375423,809.7791844673618,809.1791844673617,617.7628581964395
54.782181487819656,809.7474161314273,809.1474161314271,618.231089860505
54.60685759367791,809.5720922372855,808.9720922372853,618.5557659663632
54.406857593677906,809.3720922372854,808.7720922372853,618.4628337910085
54.87613007719122,809.8413647207988,809.2413647207986,619.2628337910085
54.67613007719122,809.6413647207987,809.0413647207986,619.2776700185178
54.64482329593425,809.6100579395418,809.0100579395416,619.7463632372609
54.91445851043119,809.8796931540387,809.2796931540386,620.5159984517578
55.31355259815289,810.2787872417604,809.6787872417602,621.3159984517578
55.370288715385996,810.3355233589934,809.7355233589933,621.8727345689908
55.17028871538599,810.1355233589934,809.5355233589933,622.0962395354135
55.208553451499256,810.1737880951066,809.5737880951065,622.6345042715267
55.00855345149925,809.9737880951066,809.3737880951064,622.6811577924525
55.44390615851472,810.409140802122,809.8091408021219,623.4811577924524
55.44753284286854,810.4127674864758,809.8127674864757,623.9847844768062
55.823250876192475,810.7884855197997,810.1884855197995,624.7847844768062
55.714161311404986,810.6793959550122,810.079395955012,625.1756949120187
55.51416131140498,810.4793959550121,809.879395955012,625.4096286949895
55.6403898495093,810.6056244931165,810.0056244931163,626.0358572330938
56.42165400649744,811.3868886501047,810.7868886501045,626.8358572330937
56.36196956245849,811.3272042060657,810.7272042060656,627.2761727890548
56.23094799693844,811.1961826405457,810.5961826405455,627.6451512235348
56.10965957044993,811.0748942140572,810.474894214057,628.0238627970463
55.909659570449925,810.8748942140571,810.274894214057,628.1531281394996
56.23097567434464,811.1962103179518,810.5962103179517,628.9531281394995
56.03097567434464,810.9962103179517,810.3962103179516,629.2490633078644
55.830975674344636,810.7962103179517,810.1962103179516,629.391311054121
56.36455194954659,811.3297865931537,810.7297865931536,630.191311054121
56.2686564017709,811.233891045378,810.6338910453778,630.5954155063453
56.4199103510732,811.3851449946802,810.7851449946801,631.2466694556475
56.44436715300369,811.4096017966107,810.8096017966105,631.771126257578
56.34006420794219,811.3052988515492,810.7052988515491,632.1668233125165
56.486232777176255,811.4514674207833,810.8514674207831,632.8129918817506
56.68894520092474,811.6541798445318,811.0541798445316,633.5157043054991
56.678699475678336,811.6439341192854,811.0439341192853,634.0054585802527
57.004873257337174,811.9701079009443,811.3701079009442,634.8054585802527
57.33062079600273,812.2958554396099,811.6958554396098,635.6054585802526
57.130620796002724,812.0958554396099,811.4958554396097,635.9016465953657
57.47525900655032,812.4404936501575,811.8404936501573,636.7016465953657
57.27536525627755,812.2405998998847,811.6405998998846,637.0017528450929
57.136587868421365,812.1018225120285,811.5018225120284,637.3629754572368
57.654329887058545,812.6195645306657,812.0195645306655,638.1629754572367
57.85759928275924,812.8228339263663,812.2228339263662,638.8662448529374
57.657599282759236,812.6228339263663,812.0228339263662,639.0080120320232
57.95194894210114,812.9171835857082,812.3171835857081,639.8023616913651
58.09127022079396,813.0565048644011,812.4565048644009,640.441682970058
57.95265195281839,812.9178865964255,812.3178865964254,640.8030647020825
57.75265195281839,813.1828694436408,812.5828694436407,640.6030647020824
57.82811361863174,813.7583311094542,813.158331109454,640.6785263678958
58.00736667703923,814.4375841678617,813.8375841678616,640.8577794263033
57.80736667703923,814.5108732093521,813.910873209352,640.6577794263033
57.607366677039224,814.4892033102128,813.8892033102127,640.4577794263032
57.40736667703922,814.6955458949783,814.0955458949782,640.2577794263032
57.38177123426971,815.1699504522088,814.5699504522087,640.2321839835337
57.62425095076199,815.9124301687011,815.312430168701,640.474663700026
57.87338427272896,816.6615634906681,816.0615634906679,640.7237970219929
57.71663004114924,817.0048092590883,816.4048092590882,640.5670427904132
57.591110574882634,817.3792897928217,816.7792897928216,640.4415233241466
57.39111057488263,817.4588102149378,816.8588102149376,640.2415233241466
57.19597554712179,817.7636751871769,817.1636751871768,640.0463882963857
57.64689963764974,818.5636751871768,817.9636751871767,640.4973123869136
57.446899637649736,818.74809090186,818.1480909018599,640.2973123869135
57.74631782584406,819.5475090900543,818.9475090900542,640.5967305751078
57.86150920742976,820.16270047164,819.5627004716399,640.7119219566936
57.78644914555425,820.5876404097645,819.9876404097644,640.636861894818
57.58644914555425,820.4889401628293,819.8889401628292,640.436861894818
57.386449145554245,820.2889401628292,819.6889401628291,640.2368618948179
57.20443222781339,820.6069232450884,820.0069232450883,640.0548449770771
57.25939121342951,821.1618822307046,820.5618822307044,640.1098039626933
57.09903951888534,821.5015305361604,820.9015305361603,639.9494522681491
56.89903951888534,821.7352339083983,821.1352339083982,639.7494522681491
56.9952398065525,822.3314341960654,821.7314341960653,639.8456525558162
56.795239806552495,822.2928707892917,821.6928707892915,639.6456525558161
56.72621857879508,822.7238495615343,822.1238495615341,639.5766313280587
56.576895652067655,823.0745266348068,822.4745266348067,639.4273084013313
56.377118376451314,823.3747493591904,822.7747493591903,639.2275311257149
56.25064239326698,823.7482733760061,823.1482733760059,639.1010551425305
56.050642393266976,823.9965912258651,823.396591225865,638.9010551425305
56.23581834923105,824.6817671818292,824.081767181829,639.0862310984945
56.403308875414865,825.3492577080129,824.7492577080128,639.2537216246783
56.733355145306376,826.1492577080129,825.5492577080128,639.5837678945697
56.60150477612031,826.5174073388268,825.9174073388267,639.4519175253837
56.401504776120305,826.7837263877732,826.183726387773,639.2519175253836
56.26417291627474,827.1463945279277,826.5463945279275,639.1145856655381
56.064172916274735,827.1440467979234,826.5440467979232,638.9145856655381
56.06585172192345,827.645725603572,827.0457256035719,638.9162644711868
55.86585172192345,827.9451031068943,827.3451031068942,638.7162644711867
56.19336198476524,828.7451031068942,828.1451031068941,639.0437747340285
56.30949189550756,829.3612330176366,828.7612330176364,639.1599046447708
56.10949189550756,829.6525716903668,829.0525716903667,638.9599046447707
55.90949189550756,829.8978410571439,829.2978410571437,638.7599046447707
55.99768197980681,830.4860311414432,829.886031141443,638.84809472907
56.01916175536423,831.0075109170006,830.4075109170004,638.8695745046274
56.474523879368476,831.8075109170005,831.2075109170004,639.3249366286317
56.58163263961046,832.4146196772425,831.8146196772424,639.4320453888737
56.38163263961046,832.6475047281866,832.0475047281865,639.2320453888736
56.20907113477849,832.9749432233547,832.3749432233545,639.0594838840417
56.05887141836413,833.3247435069403,832.7247435069402,638.9092841676273
56.04393931220984,833.809811400786,833.2098114007858,638.894352061473
56.04182036462139,834.3076924531975,833.7076924531974,638.8922331138846
56.23991670646342,835.0057887950396,834.4057887950395,639.0903294557266
56.039916706463416,835.2961402689789,834.6961402689788,638.8903294557266
55.9136248231466,835.669848385662,835.0698483856619,638.7640375724097
55.766019168748755,836.0222427312642,835.4222427312641,638.6164319180119
55.92382962154903,836.6800531840645,836.0800531840644,638.7742423708122
56.569832497510404,837.4800531840644,836.8800531840643,639.4202452467736
56.3698324975104,837.6509073705383,837.0509073705382,639.2202452467735
56.51348373431292,838.2945586073408,837.6945586073407,639.363896483576
56.772316463525854,839.0533913365538,838.4533913365536,639.622729212789
56.57231646352585,839.3453476629795,838.7453476629794,639.4227292127889
56.68992025550159,839.9629514549553,839.3629514549551,639.5403330047646
56.48992025550159,840.1449705397413,839.5449705397411,639.3403330047646
56.304818470628575,840.4598687548682,839.8598687548681,639.1552312198916
56.10481847062857,840.7547979579081,840.1547979579079,638.9552312198915
56.514605183988735,841.554797957908,840.9547979579079,639.3650179332517
56.31460518398873,841.6912147622921,841.091214762292,639.1650179332516
56.23623002461858,842.112839602922,841.5128396029219,639.0866427738815
56.347013166392436,842.7236227446958,842.1236227446957,639.1974259156553
56.30399662618976,843.1806062044932,842.580606204493,639.1544093754527
56.83686719605925,843.9806062044931,843.380606204493,639.6872799453222
56.71427135261505,844.358010361049,843.7580103610488,639.564684101878
57.02308280506967,845.1580103610489,844.5580103610488,639.8734955543326
57.42888389082273,845.9580103610489,845.3580103610487,640.2792966400857
57.8855916466881,846.7580103610488,846.1580103610487,640.7360043959511
57.685591646688096,846.9242038485519,846.3242038485517,640.5360043959511
57.87437066479593,847.6129828666598,847.0129828666596,640.724783414059
57.67437066479593,847.6528645536848,847.0528645536847,640.5247834140589
57.83511110371162,848.3136049926005,847.7136049926004,640.6855238529746
58.3473184909895,849.1136049926005,848.5136049926003,641.1977312402524
58.6822758229741,849.9136049926004,849.3136049926003,641.532688572237
58.482275822974096,850.0428615065983,849.4428615065982,641.332688572237
58.5290452763551,850.5896309599793,849.9896309599792,641.379458025618
58.69353146530228,851.2541171489265,850.6541171489264,641.5439442145652
58.64552599754644,851.7061116811707,851.1061116811705,641.4959387468093
58.49499117669618,852.0555768603205,851.4555768603203,641.3454039259591
58.29499117669618,852.2203572155497,851.6203572155496,641.145403925959
58.094991176696176,852.2858074465819,851.6858074465817,640.945403925959
58.2029217704329,852.8937380403186,852.2937380403184,641.0533345196957
58.60073607625751,853.6937380403185,853.0937380403184,641.4511488255202
58.72477562459449,854.3177775886555,853.7177775886554,641.5751883738573
58.64669147261963,854.7396934366807,854.1396934366805,641.4971042218824
58.935819150482814,855.5288211145439,854.9288211145438,641.7862318997456
59.22296442495133,856.3159663890124,855.7159663890122,642.0733771742141
59.11982806048636,856.7128300245474,856.1128300245473,641.9702408097492
59.1344237659575,857.2274257300186,856.6274257300184,641.9848365152203
59.12458466733403,857.7175866313951,857.1175866313949,641.9749974165968
59.35213326774405,858.4451352318051,857.845135231805,642.2025460170069
59.42125348200578,859.0142554460668,858.4142554460667,642.6716662312685
59.698523425286275,859.7915253893474,859.1915253893472,643.3489361745491
59.49852342528627,860.0244658660099,859.4244658660098,643.4818766512117
59.29852342528627,860.2138910655927,859.6138910655926,643.5713018507945
59.852379783957694,861.0138910655927,860.4138910655926,644.3713018507945
60.13123304201542,861.7927443236505,861.1927443236503,645.0501551088522
60.58019181854244,862.5927443236504,861.9927443236503,645.8501551088522
60.77519899886451,863.2877515039725,862.6877515039723,646.4451622891743
61.20023038980162,863.8127828949096,863.2127828949094,646.8701936801114
61.63512395571118,864.6127828949095,864.0127828949094,647.6701936801113
61.91168189964878,865.3893408388471,864.789340838847,648.3467516240489
62.21286911127323,866.1893408388471,865.589340838847,649.0479388356733
62.150688912453546,866.6271606400275,866.0271606400273,649.3857586368537
62.12988561134267,867.1063573389166,866.5063573389165,649.7649553357428
62.346406877343846,867.8228786049178,867.2228786049177,650.381476601744
62.29336061570203,868.269832343276,867.6698323432759,650.7284303401021
62.45736464107821,868.9338363686521,868.333836368652,651.2924343654784
62.53886117417602,869.51533290175,868.9153329017498,651.7739308985762
62.33886117417602,869.5132972746604,868.9132972746603,651.6718952714866
62.138861174176014,869.6111589591234,869.0111589591232,651.6697569559495
62.52873554525429,870.4111589591233,869.8111589591232,652.4596313270279
62.32873554525429,870.6622392337596,870.0622392337594,652.6107116016641
62.12873554525429,870.9188202674121,870.318820267412,652.7672926353166
62.473214531880075,871.7188202674121,871.1188202674119,653.5117716219424
62.27321453188007,871.9731869742856,871.3731869742854,653.666138328816
62.07321453188007,872.0118073987618,871.4118073987617,653.6047587532922
62.40997797375339,872.8118073987617,872.2118073987616,654.3415221951656
62.685228820057674,873.587058245066,872.9870582450659,655.0167730414698
62.48522882005767,873.7817598050129,873.1817598050128,655.1114746014168
62.40378022680998,874.2003112117652,873.6003112117651,655.4300260081691
62.23833734423812,874.5348683291934,873.9348683291933,655.6645831255972
62.136160579317966,874.9326915642732,874.3326915642731,655.962406360677
62.01895180303952,875.3154827879948,874.7154827879947,656.2451975843986
62.41689344153284,876.1154827879948,875.5154827879946,657.0431392228919
62.21689344153284,876.3012874760084,875.7012874760082,657.1289439109055
62.01689344153284,876.4504104782801,875.85041047828,657.1780669131772
62.08571066475324,877.0192277015005,876.4192277015004,657.6468841363976
62.0987537496974,877.5322707864447,876.9322707864445,658.0599272213418
62.558086000464115,878.3322707864446,877.7322707864445,658.8599272213418
62.40380957365876,878.6779943596392,878.0779943596391,659.1056507945364
62.23219234114452,879.006377127125,878.4063771271249,659.3340335620221
62.25084964624431,879.5250344322247,878.9250344322246,659.7526908671219
62.05084964624431,879.6877284242636,879.0877284242634,659.8153848591608
62.15107281553829,880.2879515935575,879.6879515935574,660.3156080284548
61.98169103777021,880.6185698157894,880.0185698157893,660.5462262506867
62.28759033937784,881.4185698157894,880.8185698157893,661.2521255522943
62.294655984640116,881.9256354610517,881.3256354610515,661.6591911975565
62.34696226201097,882.4779417384225,881.8779417384224,662.1114974749274
62.27936988539869,882.9103493618102,882.31034936181,662.4439050983151
62.39022796404869,883.5212074404602,882.9212074404601,662.9547631769651
62.42966974275019,884.0606492191617,883.4606492191616,663.3942049556666
62.22966974275019,884.3128350677293,883.7128350677292,663.5463908042342
62.36069901392165,884.9438643389008,884.3438643389006,664.0774200754057
62.84267214414326,885.7438643389007,885.1438643389006,664.8774200754057
62.642672144143255,885.718989167639,885.1189891676389,664.7525449041441
62.44267214414325,885.8045529440319,885.2045529440318,664.7381086805369
62.83035095267494,886.6045529440319,886.0045529440317,665.5257874890686
62.63035095267494,886.8976406024583,886.2976406024582,665.718875147495
62.78124338384034,887.5485330336237,886.9485330336236,666.2697675786604
62.70219721924102,887.9694868690244,887.3694868690243,666.5907214140611
62.61392998053697,888.3812196303204,887.7812196303203,666.9024541753571
62.68425232063187,888.9515419704153,888.3515419704152,667.372776515452
62.919382020307786,889.6866716700912,889.086671670091,668.0079062151278
63.12654433600267,890.393833985786,889.7938339857859,668.6150685308227
63.40140191064704,891.1686915604304,890.5686915604302,669.2899261054671
63.650948573116175,891.9182382228995,891.3182382228994,669.9394727679362
63.671102060130984,892.4383917099143,891.8383917099142,670.359626254951
63.88583005686421,893.1531197066475,892.5531197066474,670.9743542516842
63.685830056864205,893.4485040869338,892.8485040869336,671.1697386319704
63.4858300568642,893.502330240333,892.9023302403328,671.1235647853696
63.659846029275215,894.176346212744,893.5763462127438,671.6975807577805
63.5880246791146,894.6045248625834,894.0045248625833,672.02575940762
63.43811914602372,894.9546193294925,894.3546193294924,672.275853874529
63.29651846474794,895.3130186482167,894.7130186482166,672.5342531932532
63.27373188437311,895.7902320678419,895.1902320678417,672.9114666128784
63.07373188437311,896.067427342334,895.4674273423338,673.0886618873704
62.92905719856891,896.4227526565298,895.8227526565297,673.3439872015663
63.300355925267105,897.2227526565298,896.6227526565297,674.1152859282645
63.1003559252671,897.462005837213,896.8620058372129,674.2545391089477
62.9003559252671,897.695818586033,897.0958185860329,674.3883518577677
63.129341756520674,898.4248044172866,897.8248044172865,675.0173376890212
63.11796040588639,898.9134230666524,898.3134230666523,675.405956338387
62.91796040588639,899.2084243688091,898.608424368809,675.6009576405437
62.9807545517602,899.7712185146829,899.1712185146828,676.0637517864175
62.7807545517602,899.9493251003531,899.349325100353,676.1418583720877
62.580754551760194,899.7493251003531,899.1493251003529,675.9418583720876
62.81655036155069,900.4851209101436,899.8851209101434,676.5776541818781
63.23086374249682,901.2851209101435,900.6851209101434,677.377654181878
63.13971816381536,901.6939753314621,901.0939753314619,677.6865086031966
62.93971816381536,901.9775065799242,901.3775065799241,677.8700398516587
63.008978075968784,902.5467664920777,901.9467664920776,678.3392997638122
62.80897807596878,902.6107882930814,902.0107882930813,678.3033215648159
63.21055981588576,903.4107882930814,902.8107882930813,679.1033215648158
63.010559815885756,903.7029127061719,903.1029127061718,678.9033215648158
63.09231806211342,904.3846709523996,903.7846709523994,678.9850798110434
62.89231806211342,904.3688575805373,903.7688575805372,678.7850798110434
62.692318062113415,904.2711029745869,903.6711029745868,678.5850798110433
62.82231503844842,905.0010999509219,904.4010999509218,678.7150767873783
62.887182179221,905.6659670916945,905.0659670916943,678.7799439281508
62.687182179221,905.9080907256006,905.3080907256004,678.5799439281508
62.70332137415785,906.5242299205374,905.9242299205373,678.5960831230876
62.61694473953752,907.0378532859171,906.437853285917,678.5097064884673
62.5093282133748,907.5302367597544,906.9302367597543,678.4020899623046
62.985230160234096,908.3302367597544,907.7302367597542,678.8779919091638
62.88938148406237,908.8343880835827,908.2343880835825,678.7821432329921
62.99629981628162,909.541306415802,908.9413064158018,678.8890615652114
63.044236663001556,910.1892432625219,909.5892432625218,678.9369984119313
62.84423666300155,910.2561536614813,909.6561536614812,678.7369984119313
63.12118873128533,911.0561536614813,910.4561536614812,679.013950480215
62.921188731285326,911.3121921054569,910.7121921054568,678.813950480215
62.90487761038487,911.8958809845565,911.2958809845563,678.7976393593145
62.88880566093362,912.4798090351052,911.879809035105,678.7815674098633
62.68880566093362,912.7426974662897,912.1426974662895,678.5815674098633
62.488805660933615,913.140682077919,912.5406820779189,678.3815674098632
62.28880566093361,913.4694981787532,912.869498178753,678.1815674098632
62.08880566093361,913.6790427805932,913.0790427805931,677.9815674098631
62.08819817588861,914.2784352955482,913.6784352955481,677.9809599248182
62.171869196240934,914.9621063159005,914.3621063159004,678.0646309451705
62.39741435420827,915.7621063159005,915.1621063159004,678.2901761031378
62.54503751320196,916.5097294748941,915.909729474894,678.4377992621315
62.34503751320196,916.3097294748941,915.709729474894,678.2377992621315
62.145037513201956,916.4363256006731,915.8363256006729,678.0377992621314
62.45035982306436,917.236325600673,916.6363256006729,678.3431215719938
62.74709721008743,918.036325600673,917.4363256006728,678.6398589590169
62.54709721008743,918.3917657821574,917.7917657821573,678.4398589590169
62.347097210087426,918.727586342944,918.1275863429439,678.2398589590168
62.14709721008742,919.0629211923489,918.4629211923487,678.0398589590168
62.12358394815353,919.639407930415,919.0394079304149,678.0163456970829
62.061220226154404,920.1770442084159,919.5770442084157,677.9539819750838
61.8628563689066,920.578680351168,919.9786803511679,677.755618117836
61.7370884670186,921.05291244928,920.4529124492799,677.629850215948
62.302878578842865,921.85291244928,921.2529124492798,678.1956403277723
62.271818468015425,922.4218523384526,921.8218523384525,678.1645802169448
62.42724039829352,923.1772742687307,922.5772742687305,678.3200021472229
62.274676972620966,923.6247108430581,923.024710843058,678.1674387215504
62.07467697262096,923.424710843058,922.8247108430579,677.9674387215504
61.87467697262096,923.8144663434158,923.2144663434157,677.7674387215503
61.86873587847268,924.4085252492675,923.8085252492674,677.761497627402
61.668735878472674,924.6319847986744,924.0319847986742,677.561497627402
61.46873587847267,924.9871784325115,924.3871784325114,677.361497627402
61.26873587847267,925.361150085376,924.7611500853759,677.1614976274019
61.068735878472665,925.6790949074114,925.0790949074112,676.9614976274019
60.86873587847266,925.5621318379625,924.9621318379624,676.7614976274018
61.10800240907044,926.3621318379625,925.7621318379623,677.0007641579996
60.908002409070434,926.720042214919,926.1200422149188,676.8007641579995
61.085916748064896,927.4979565539135,926.8979565539133,676.978678496994
60.88591674806489,927.8313027600108,927.2313027600106,676.778678496994
61.061522701510725,928.6069087134566,928.0069087134565,676.9542844504398
61.08673274559225,929.2321187575382,928.632118757538,676.9794944945213
61.075259719863624,929.8206457318096,929.2206457318094,676.9680214687927
60.87525971986362,930.0279007160061,929.427900716006,676.7680214687927
60.67525971986362,930.2523643828234,929.6523643828233,676.5680214687926
60.94897493279753,931.0523643828234,930.4523643828232,676.8417366817265
60.83249469949758,931.5358841495234,930.9358841495233,676.7252564484265
60.94536865592233,932.2487581059482,931.6487581059481,676.8381304048513
61.22292012912493,933.0487581059482,932.4487581059481,677.1156818780539
61.18802524425224,933.6138632210755,933.0138632210753,677.0807869931813
61.18057008078898,934.2064080576122,933.606408057612,677.073331829718
60.98057008078898,934.0064080576121,933.406408057612,676.8733318297179
60.780570080788976,934.376520110004,933.7765201100038,676.6733318297179
61.09385533101525,935.1765201100039,934.5765201100038,676.9866170799442
61.16328753226653,935.8459523112552,935.2459523112551,677.0560492811954
60.96328753226653,936.0395373226264,935.4395373226263,676.8560492811954
60.763287532266524,935.9130044907654,935.3130044907653,676.6560492811954
61.13908252593791,936.7130044907653,936.1130044907652,677.0318442748668
61.60305984147962,937.5130044907653,936.9130044907652,677.4958215904085
61.40305984147962,937.4517149381537,936.8517149381536,677.2958215904084
61.203059841479615,937.8348306849424,937.2348306849423,677.0958215904084
61.363547661042524,938.5953185045053,937.9953185045051,677.2563094099713
61.16354766104252,938.9349297786686,938.3349297786684,677.0563094099713
61.85427198274758,939.7349297786685,939.1349297786684,677.7470337316763
61.75325933076844,940.2339171266893,939.6339171266892,677.6460210796971
61.55491297891551,940.6355707748364,940.0355707748363,677.4476747278442
61.35491297891551,940.8582897329751,940.258289732975,677.2476747278441
61.55908176460327,941.658289732975,941.0582897329749,677.4518435135319
61.43337561618226,942.132583584554,941.5325835845539,677.3261373651109
61.61100300400014,942.9102109723719,942.3102109723718,677.5037647529288
61.434387877297844,943.3335958456696,942.7335958456695,677.3271496262265
61.60299177400675,944.1021997423785,943.5021997423784,677.4957535229354
61.62542202575482,944.7246299941265,944.1246299941264,677.5181837746835
61.82416664419189,945.5233746125635,944.9233746125634,677.7169283931206
62.12882577164479,945.8280337400164,945.2280337400163,677.5169283931206
61.92882577164479,946.0704984050194,945.4704984050193,677.3169283931205
61.899211942632014,946.6408845760067,946.0408845760065,677.2873145641078
61.78774054414401,947.1294131775187,946.5294131775186,677.1758431656198
62.12231796853407,947.9294131775187,947.3294131775185,677.5104205900099
62.11222096293611,948.5193161719207,947.9193161719205,677.500323584412
62.02728234804863,949.0343775570332,948.434377557033,677.4153849695244
61.82728234804863,948.8343775570331,948.234377557033,677.2153849695244
62.060872455780874,949.6343775570331,949.0343775570329,677.4489750772566
61.86087245578087,949.6951243854073,949.0951243854072,677.2489750772565
61.66087245578087,949.8960667533676,949.2960667533674,677.0489750772565
61.47668153443383,950.3118758320205,949.7118758320204,676.8647841559094
61.27668153443383,950.284289686762,949.6842896867619,676.6647841559094
61.076681534433824,950.6726580449799,950.0726580449798,676.4647841559093
60.87668153443382,951.0559102862795,950.4559102862794,676.2647841559093
60.79261773033908,951.5718464821848,950.9718464821847,676.1807203518146
60.59261773033908,951.7047758174592,951.1047758174591,675.9807203518145
60.392617730339076,951.875835047316,951.2758350473158,675.7807203518145
60.48032091658794,952.5635382335648,951.9635382335647,675.8684235380633
60.77609507496757,953.3635382335648,952.7635382335646,676.164197696443
60.73698926618627,953.9244324247835,953.3244324247834,676.1250918876617
60.87700083550556,954.6644439941028,954.0644439941027,676.265103456981
60.79605820789017,955.1835013664875,954.5835013664873,676.1841608293656
60.59605820789017,955.3122699260822,954.7122699260821,675.9841608293656
60.633248704416204,955.9494604226082,955.3494604226081,676.0213513258916
60.546095718809674,956.4623074370018,955.8623074370016,675.9341983402851
60.428688898367156,956.9449006165593,956.3449006165591,675.8167915198426
60.22868889836715,957.1903713518976,956.5903713518975,675.6167915198425
60.802755698562535,957.9903713518976,957.3903713518974,676.1908583200379
60.884765786992126,958.6723814403272,958.072381440327,676.2728684084675
60.72138067930828,959.1089963326433,958.5089963326432,676.1094833007836
60.52138067930828,959.2489726457153,958.6489726457152,675.9094833007836
60.56895141356014,959.8965433799672,959.296543379967,675.9570540350354
61.0319172253727,960.6965433799671,960.096543379967,676.4200198468479
60.8319172253727,961.0106299461772,960.4106299461771,676.2200198468479
60.922525942020386,961.701238662825,961.1012386628248,676.3106285634956
61.179425939747496,962.5012386628249,961.9012386628248,676.5675285612227
61.26672955666146,963.1885422797388,962.5885422797387,676.6548321781366
61.222087163958214,963.7438998870356,963.1438998870354,676.6101897854334
61.303510563319676,964.4253232863971,963.825323286397,676.6916131847948
61.865180380449395,965.225323286397,964.6253232863969,677.2532830019246
61.66518038044939,965.4562034273309,964.8562034273308,677.0532830019246
61.46518038044939,965.5737409149473,964.9737409149471,676.8532830019245
61.26518038044939,965.8782843175454,965.2782843175453,676.6532830019245
61.50648608157683,966.6782843175454,966.0782843175452,676.8945887030519
61.46693354176109,967.2387317777296,966.6387317777295,676.8550361632362
61.36888993632992,967.7406881722985,967.1406881722984,676.756992557805
61.16888993632992,968.0610498554299,967.4610498554298,676.556992557805
60.968889936329916,968.3605477088145,967.7605477088143,676.3569925578049
61.089142075963466,969.080799848448,968.4807998484479,676.4772446974384
60.9645434090394,969.556201181524,968.9562011815239,676.3526460305144
60.7645434090394,969.9190170601394,969.3190170601392,676.1526460305143
60.564543409039395,969.9822703634953,969.3822703634952,675.9526460305143
60.36454340903939,970.2709184015479,969.6709184015477,675.7526460305143
60.16454340903939,970.5342013953352,969.9342013953351,675.5526460305142
60.03939542066058,971.0090534069565,970.4090534069563,675.4274980421354
59.83939542066058,971.0859156633954,970.4859156633953,675.2274980421354
59.63939542066058,971.4629868246076,970.8629868246074,675.0274980421353
59.79772179371265,972.2213131976597,971.6213131976596,675.1858244151874
59.597721793712644,972.3003022066222,971.700302206622,674.9858244151874
59.39772179371264,972.5909312248605,971.9909312248603,674.7858244151873
59.43063500005118,973.223844431199,972.6238444311989,674.8187376215259
59.474482890270956,973.8676923214188,973.2676923214186,674.8625855117457
59.285510226728725,974.2787196578765,973.6787196578764,674.6736128482034
59.08551022672872,974.6397642192962,974.0397642192961,674.4736128482034
58.92632254703936,975.0805765396069,974.4805765396068,674.314425168514
58.7329299450065,975.4871839375741,974.8871839375739,674.1210325664812
58.532929945006494,975.4771967252011,974.877196725201,673.9210325664811
58.33292994500649,975.6557337795307,975.0557337795306,673.7210325664811
58.17573926762698,976.0985431021512,975.4985431021511,673.5638418891016
57.97573926762698,976.316149927921,975.7161499279208,673.3638418891015
58.18549643868524,977.1161499279209,976.5161499279208,673.5735990601598
57.98549643868524,977.4967718129369,976.8967718129368,673.3735990601598
57.785496438685236,977.453979908017,976.8539799080169,673.1735990601597
57.75091020730295,978.0193936766348,977.4193936766346,673.1390128287775
57.905200385888676,978.7736838552205,978.1736838552204,673.2933030073632
58.0008270524666,979.4693105217984,978.8693105217983,673.3889296739411
58.227716963669316,980.2693105217984,979.6693105217983,673.6158195851439
58.36314553610762,981.0047390942367,980.4047390942366,673.7512481575822
58.37429796568463,981.6158915238137,981.0158915238136,673.7624005871592
58.69596807143822,982.4158915238137,981.8158915238135,674.0840706929127
58.591282571253345,982.9112060236288,982.3112060236286,673.9793851927278
58.39128257125334,983.1405228714927,982.5405228714926,673.7793851927278
58.563609425297415,983.9128497255368,983.3128497255367,673.9517120467718
58.36360942529741,983.9570645484444,983.3570645484442,673.7517120467718
58.16360942529741,984.3038269218861,983.7038269218859,673.5517120467717
57.963609425297406,984.4946527461989,983.8946527461987,673.3517120467717
58.060959791453044,985.1920031123545,984.5920031123544,673.4490624129273
57.86095979145304,985.4356455442346,984.8356455442345,673.2490624129273
58.088539961571634,986.2356455442346,985.6356455442344,673.4766425830459
57.88853996157163,986.4685712939836,985.8685712939835,673.2766425830458
57.73698815963357,986.9170194920455,986.3170194920453,673.1250907811078
57.536988159633566,987.25104412605,986.6510441260499,672.9250907811078
57.78966654132102,988.05104412605,987.4510441260499,673.1777691627952
57.958187494004,988.8195650787329,988.2195650787328,673.3462901154783
57.758187494004,989.1403966132569,988.5403966132568,673.1462901154782
57.94269189527126,989.9249010145242,989.324901014524,673.3307945167455
57.74269189527126,990.2859391268944,989.6859391268943,673.1307945167455
58.05283323720933,991.0859391268943,990.4859391268942,673.4409358586836
57.852833237209325,991.3314868630944,990.7314868630942,673.2409358586835
58.122590231639876,992.1314868630943,991.5314868630942,673.510692853114
57.92259023163987,992.4657968817904,991.8657968817903,673.310692853114
57.72259023163987,992.7781076016967,992.1781076016965,673.110692853114
57.83162177716874,993.4871391472255,992.8871391472254,673.2197243986428
57.63162177716874,993.8125311771001,993.2125311771,673.0197243986428
57.453489098168674,994.2343984981001,993.6343984980999,672.8415917196427
57.5151416550265,994.8960510549579,994.2960510549577,672.9032442765005
57.71770806024936,995.6960510549578,995.0960510549577,673.1058106817234
58.20649576775113,996.4960510549578,995.8960510549576,673.5945983892251
58.006495767751126,996.8911560407679,996.2911560407678,673.394598389225
58.37593659915974,997.6911560407679,997.0911560407677,673.7640392206337
58.24733333932735,998.1625527809355,997.5625527809353,673.6354359608013
58.22636780415202,998.7415872457601,998.14158724576,674.2144704256259
58.02636780415202,999.0378444131287,998.4378444131286,674.5107275929945
58.01698145399897,999.6284580629757,999.0284580629756,675.1013412428415
58.0158157899031,1000.2272923988799,999.6272923988797,675.7001755787456
57.8158157899031,1000.5077311875933,999.9077311875932,675.9806143674591
57.615815789903095,1000.9072137788681,1000.307213778868,676.3800969587339
57.420969002748265,1001.3123669917134,1000.7123669917132,676.7852501715792
57.22096900274826,1001.6715867147708,1001.0715867147707,677.1444698946366
57.58164063971039,1002.4715867147708,1001.8715867147706,677.9444698946365
57.38164063971039,1002.7445501107746,1002.1445501107745,678.2174332906404
57.18164063971039,1003.0608094725706,1002.4608094725704,678.5336926524363
57.386645578283336,1003.8608094725705,1003.2608094725704,679.3336926524363
57.359869720385596,1004.4340336146728,1003.8340336146726,679.9069167945386
57.271661906673884,1004.9458258009611,1004.3458258009609,680.4187089808269
57.21201094199441,1005.4861748362816,1004.8861748362815,680.9590580161474
57.012010941994404,1005.8860168463111,1005.286016846311,681.3589000261769
56.8120109419944,1005.9566068117617,1005.3566068117616,681.4294899916275
56.6120109419944,1006.1320767934599,1005.5320767934597,681.6049599733257
56.90567670002382,1006.9320767934598,1006.3320767934597,682.4049599733256
56.705676700023815,1007.245455796368,1006.6454557963679,682.7183389762338
56.50567670002381,1007.3467758005073,1006.7467758005072,682.8196589803731
56.30567670002381,1007.7307332443006,1007.1307332443005,683.2036164241664
56.10567670002381,1007.9034391167448,1007.3034391167447,683.3763222966106
55.905676700023804,1007.7997579830346,1007.1997579830345,683.2726411629004
55.7056767000238,1007.9926451192025,1007.3926451192024,683.4655282990683
55.53088412133128,1008.41785254051,1007.8178525405099,683.8907357203758
55.33088412133128,1008.6043259982846,1008.0043259982845,684.0772091781504
55.18741777140221,1009.0608596483555,1008.4608596483554,684.5337428282213
55.08024685841672,1009.5536887353701,1008.95368873537,685.0265719152359
55.085671129130844,1010.1591130060842,1009.5591130060841,685.63199618595
54.88567112913084,1010.1900889984346,1009.5900889984345,685.6629721783004
55.03119972891344,1010.9356175982172,1010.335617598217,686.408500778083
54.83119972891344,1010.9759072808138,1010.3759072808136,686.4487904606796
54.63119972891344,1011.3259480436917,1010.7259480436916,686.7988312235575
54.95099158135402,1012.1259480436917,1011.5259480436915,687.5988312235575
54.750991581354015,1012.5156532557943,1011.9156532557942,687.9885364356601
55.2809995336495,1013.3156532557942,1012.7156532557941,688.78853643566
55.080999533649496,1013.6280008507449,1013.0280008507448,689.1008840306107
54.880999533649494,1013.8624314058483,1013.2624314058481,689.3353145857141
54.95870632034511,1014.5401381925438,1013.9401381925437,690.0130213724096
54.82164201155843,1015.0030738837572,1014.4030738837571,690.475957063623
54.62164201155843,1014.9168266536321,1014.316826653632,690.3897098334979
54.67336602283701,1015.5685506649107,1014.9685506649106,691.0414338447765
54.89103829895399,1016.3685506649107,1015.7685506649105,691.8414338447765
54.691038298953984,1016.4240516441719,1015.8240516441717,691.8969348240377
54.49103829895398,1016.3352754870126,1015.7352754870125,691.8081586668784
54.38992959739963,1016.8341667854583,1016.2341667854581,692.307049965324
54.189929597399626,1017.0307278748357,1016.4307278748356,692.5036110547015
53.98992959739962,1017.1282851001765,1016.5282851001764,692.6011682800423
54.11267486716114,1017.851030369938,1017.2510303699379,693.3239135498038
54.1582666177715,1018.4966221205484,1017.8966221205483,693.9695053004142
53.9582666177715,1018.627359766602,1018.0273597666019,694.1002429464678
53.7582666177715,1018.6218554829894,1018.0218554829893,694.0947386628552
53.558266617771494,1018.9529912249371,1018.352991224937,694.4258744048029
53.72221092382211,1019.7169355309877,1019.1169355309876,695.1898187108535
53.52221092382211,1019.6208171974779,1019.0208171974778,695.0937003773437
53.5815021931657,1020.2801084668215,1019.6801084668214,695.7529916466873
53.58204352751713,1020.8806498011729,1020.2806498011728,696.3535329810387
53.382043527517126,1021.277948450826,1020.6779484508259,696.7508316306918
53.18204352751712,1021.3117003246116,1020.7117003246115,696.7845835044774
52.98204352751712,1021.555507531646,1020.9555075316458,697.0283907115117
52.78204352751712,1021.9310478815374,1021.3310478815373,697.4039310614032
52.582043527517115,1022.292061322502,1021.6920613225019,697.7649445023678
52.46898912692407,1022.779006921909,1022.1790069219088,698.2518901017747
52.26898912692407,1023.1115650675534,1022.5115650675533,698.5844482474192
52.92785715023236,1023.9115650675534,1023.3115650675533,699.3844482474192
52.9168393879533,1024.5005473052743,1023.9005473052742,699.9734304851402
52.744442807478265,1024.9281507247993,1024.3281507247991,700.4010339046652
52.98974703256412,1025.7281507247992,1025.128150724799,701.2010339046651
52.789747032564115,1026.1122537294557,1025.5122537294556,701.5851369093216
52.75108839885995,1026.6735950957516,1026.0735950957514,702.1464782756175
52.551088398859946,1026.646952386257,1026.0469523862569,702.1198355661228
52.35108839885994,1026.6750464686925,1026.0750464686923,702.1479296485584
52.390830069595395,1027.314788139428,1026.7147881394278,702.7876713192938
52.336081383065405,1027.860039452898,1027.260039452898,703.3329226327638
52.25826565274792,1028.3822237225806,1027.7822237225805,703.8551069024463
52.29376349559581,1029.0177215654285,1028.4177215654283,704.4906047452943
52.13525600038737,1029.45921407022,1028.8592140702199,704.9320972500858
52.26274062105365,1030.1866986908863,1029.5866986908861,705.659581870752
52.50192522153491,1030.9866986908862,1030.386698690886,706.459581870752
52.30192522153491,1031.2998853237161,1030.699885323716,706.7727685035819
52.101925221534906,1031.6110264484496,1031.0110264484495,707.0839096283154
52.243219949432905,1032.3523211763477,1031.7523211763476,707.8252043562134
52.0432199494329,1032.583714547119,1031.9837145471188,708.0565977269846
52.1326932681825,1033.2731878658685,1032.6731878658684,708.7460710457342
51.956743696771106,1033.697238294457,1033.097238294457,709.1701214743229
51.7567436967711,1033.9511350906732,1033.351135090673,709.4240182705391
51.66682746618222,1034.4612188600843,1033.8612188600841,709.9341020399503
51.46682746618222,1034.8247965864418,1034.2247965864417,710.297679766308
51.52175635934849,1035.479725479608,1034.879725479608,710.9526086594742
51.480696334376916,1036.0386654546364,1035.4386654546363,711.5115486345027
51.44245416364102,1036.6004232839005,1036.0004232839003,712.0733064637668
51.56642766760309,1037.3243967878625,1036.7243967878624,712.7972799677289
51.51945991653782,1037.8774290367971,1037.277429036797,713.3503122166636
51.88404540619695,1038.677429036797,1038.077429036797,714.1503122166636
51.93139153033958,1039.3247751609397,1038.7247751609395,714.7976583408062
51.91685417835048,1039.9102378089506,1039.3102378089504,715.383120988817
51.8937081040991,1040.487091734699,1039.887091734699,715.9599749145657
51.86615733786033,1041.0595409684604,1040.4595409684603,716.532424148327
51.78468659781837,1041.5780702284185,1040.9780702284183,717.0509534082851
51.640854142392556,1041.4342377729927,1040.8342377729925,717.4071209528593
51.44085414239255,1041.2342377729926,1040.6342377729925,717.6447658306195
51.635783710447036,1041.429167341047,1040.829167341047,718.3396953986739
51.99674396706378,1041.7901275976637,1041.1901275976636,719.1396953986739
52.309357290736706,1042.1027409213366,1041.5027409213365,719.9396953986738
52.455518167095185,1042.248901797695,1041.6489017976949,720.5858562750324
52.56109456244014,1042.35447819304,1041.7544781930399,721.1914326703774
52.79209338229938,1042.5854770128992,1041.985477012899,721.9224314902366
53.18092838157435,1042.974312012174,1042.374312012174,722.7224314902365
53.3177646298166,1043.1111482604163,1042.5111482604161,723.3592677384788
53.26333664378241,1043.056720274382,1042.456720274382,723.8048397524447
53.08482780403174,1042.8782114346313,1042.2782114346312,724.126330912694
53.252054719964235,1043.045438350564,1042.4454383505638,724.7935578286265
53.375954066607264,1043.1693376972069,1042.5693376972067,725.4174571752695
53.653963559261456,1043.4473471898611,1042.847347189861,726.1954666679237
53.663395310373886,1043.4567789409737,1042.8567789409735,726.7048984190361
53.91792390063113,1043.711307531231,1043.1113075312308,727.4594270092933
53.74598555665877,1043.5393691872584,1042.9393691872583,727.787488665321
54.281745504239005,1044.0751291348388,1043.4751291348387,728.587488665321
54.389634405974746,1044.1830180365746,1043.5830180365745,729.1953775670567
54.29930220421723,1044.092685834817,1043.492685834817,729.6050453652991
54.244151849320474,1044.0375354799203,1043.4375354799201,730.0498950104023
54.04415184932047,1043.8375354799202,1043.23753547992,729.8498950104023
53.9392118419501,1043.73259547255,1043.1325954725498,730.2449550030319
54.2404282210027,1044.0338118516026,1043.4338118516025,731.0449550030319
54.26906749512943,1044.0624511257295,1043.4624511257293,731.5735942771586
54.801941395169365,1044.5953250257694,1043.9953250257693,732.3735942771585
54.826121319958396,1044.6195049505584,1044.0195049505583,732.8977742019475
55.076038137058624,1044.8694217676587,1044.2694217676585,733.6476910190478
54.87603813705862,1044.6694217676586,1044.0694217676585,733.8730739363797
55.04090021943728,1044.8342838500373,1044.2342838500372,734.5379360187584
55.07592999417586,1044.869313624776,1044.2693136247758,735.0729657934969
55.26659734659718,1045.0599809771973,1044.4599809771971,735.7636331459182
55.06659734659718,1044.8599809771972,1044.259980977197,735.7419777403622
55.16297017643255,1044.9563538070327,1044.3563538070325,736.3383505701976
54.96297017643255,1044.7563538070326,1044.1563538070325,736.2885834571538
54.762970176432546,1044.5563538070326,1043.9563538070324,736.5443379285183
54.618350158231934,1044.411733788832,1043.8117337888318,736.8997179103177
54.50773021403668,1044.3011138446368,1043.7011138446367,737.2890979661224
54.3895910245718,1044.1829746551718,1043.5829746551717,737.6709587766576
54.96789279837548,1044.7612764289756,1044.1612764289755,738.4709587766575
55.05155781662071,1044.844941447221,1044.2449414472208,739.0546237949028
54.851557816620705,1044.6449414472208,1044.0449414472207,739.3010764035475
54.86622697166294,1044.659610602263,1044.0596106022629,739.8157455585898
55.28778392570401,1045.081167556304,1044.481167556304,740.6157455585898
55.30350526087725,1045.0968888914774,1044.4968888914773,741.131466893763
55.10350526087725,1044.8968888914774,1044.2968888914772,741.1202352388864
54.903505260877246,1044.6968888914773,1044.0968888914772,741.246167724226
54.92210646368706,1044.7154900942871,1044.115490094287,741.7647689270358
54.722106463687055,1044.515490094287,1043.915490094287,741.9793341439183
54.83205856979747,1044.6254422003974,1044.0254422003973,742.5892862500287
55.343220045845484,1045.1366036764455,1044.5366036764453,743.3892862500287
55.62055984228435,1045.4139434728843,1044.8139434728841,744.1666260464676
55.42055984228435,1045.2139434728842,1044.613943472884,744.1977594159151
55.50275776683314,1045.296141397433,1044.696141397433,744.779957340464
55.57577296064565,1045.3691565912457,1044.7691565912455,745.3529725342764
55.66572441952812,1045.4591080501282,1044.859108050128,745.9429239931588
55.465724419528115,1045.2591080501281,1044.659108050128,745.871683016287
55.26572441952811,1045.059108050128,1044.459108050128,745.8838953416783
55.06572441952811,1044.859108050128,1044.259108050128,745.7182612716439
55.11343798264812,1044.906821613248,1044.3068216132478,746.2659748347639
55.024750636023995,1044.818134266624,1044.2181342666238,746.6772874881398
55.47974340085023,1045.2731270314503,1044.6731270314501,747.4772874881397
55.27974340085023,1045.0731270314502,1044.47312703145,747.5342071603043
55.63007726623061,1045.4234608968306,1044.8234608968305,748.3342071603042
55.56504459710182,1045.3584282277018,1044.7584282277016,748.7691744911755
55.89423535539167,1045.6876189859915,1045.0876189859914,749.5691744911754
56.07089540341328,1045.8642790340132,1045.264279034013,750.2458345391971
56.32207413272819,1046.115457763328,1045.515457763328,750.997013268512
56.50443671093093,1046.297820341531,1045.6978203415308,751.6793758467147
56.66617352187563,1046.4595571524756,1045.8595571524754,752.3411126576594
56.83065416035315,1046.624037790953,1046.024037790953,753.0055932961369
56.630654160353146,1046.424037790953,1045.8240377909528,753.2555931226028
56.9621129982719,1046.7554966288717,1046.1554966288716,754.0555931226028
56.89595057016774,1046.6893342007675,1046.0893342007673,754.4894306944987
56.69595057016774,1046.4893342007674,1045.8893342007673,754.624042948807
56.849909479521756,1046.6432931101215,1046.0432931101213,755.278001858161
57.065285146746035,1046.8586687773457,1046.2586687773455,755.9933775253853
57.13444253430011,1046.9278261648997,1046.3278261648995,756.5625349129394
56.93444253430011,1046.7278261648996,1046.1278261648995,756.7086173504313
56.8762102450141,1046.6695938756136,1046.0695938756135,757.1503850611452
57.03557453339638,1046.8289581639958,1046.2289581639957,757.8097493495276
56.89041153803996,1046.6837951686393,1046.0837951686392,758.1645863541712
57.22109918299089,1047.0144828135903,1046.4144828135902,758.9645863541712
57.02109918299089,1046.8144828135903,1046.2144828135902,759.2601785010382
56.898516990680356,1046.6919006212797,1046.0919006212796,759.6375963087277
56.99085953202202,1046.7842431626214,1046.1842431626212,760.2299388500693
57.24243527155619,1047.0358189021556,1046.4358189021555,760.9815145896034
57.50843954824123,1047.3018231788406,1046.7018231788404,761.7475188662885
57.347994347337455,1047.1413779779368,1046.5413779779367,762.0870736653848
57.14799434733745,1046.9413779779368,1046.3413779779366,762.2183795146381
57.33918667144609,1047.1325703020455,1046.5325703020453,762.9095718387467
57.20167066038065,1046.99505429098,1046.39505429098,763.2720558276812
57.82777876596127,1047.6211623965607,1047.0211623965606,764.0720558276812
58.00316408515843,1047.796547715758,1047.1965477157578,764.7474411468784
58.0124817650197,1047.805865395619,1047.205865395619,765.2567588267397
58.28538679011425,1048.0787704207137,1047.4787704207135,766.0296638518342
58.56633870255113,1048.3597223331506,1047.7597223331504,766.8106157642711
58.766672569491796,1048.5600562000911,1047.960056200091,767.5109496312118
58.679014750993886,1048.4723983815932,1047.872398381593,767.923291812714
58.7352134565158,1049.028597087115,1048.428597087115,767.9794905182358
59.40668282651329,1049.828597087115,1049.2285970871148,768.6509598882333
60.04289287230381,1050.628597087115,1050.0285970871148,769.2871699340238
60.22495242566096,1051.3106566404722,1050.710656640472,769.469229487381
60.0876464498449,1051.673350664656,1051.073350664656,769.3319235115649
60.887646449844894,1052.473350664656,1051.8733506646558,770.1319235115649
61.037565502690384,1053.1232697175014,1052.5232697175013,770.2818425644103
61.19543985964561,1053.7811440744567,1053.1811440744566,770.4397169213655
60.99543985964561,1053.8646427409942,1053.264642740994,770.2397169213655
61.11094640315947,1054.4801492845081,1053.880149284508,770.3552234648794
60.996049707737185,1054.865252589086,1054.2652525890858,770.240326769457
60.953672565710946,1055.3228754470597,1054.7228754470596,770.1979496274308
61.5928425096531,1056.1228754470596,1055.5228754470595,770.837119571373
61.3928425096531,1056.39241328207,1055.79241328207,770.637119571373
61.32822355801621,1056.827794330433,1056.227794330433,770.572500619736
61.17574296611384,1057.1753137385308,1056.5753137385307,770.4200200278336
60.975742966113835,1056.9753137385308,1056.3753137385306,770.2200200278336
61.60097684796341,1057.7753137385307,1057.1753137385306,770.8452539096832
61.400976847963406,1057.7579047436025,1057.1579047436023,770.6452539096831
61.487211103783515,1058.3441389994225,1057.7441389994224,770.7314881655033
61.401012432462615,1058.7579403281015,1058.1579403281014,770.6452894941824
61.41466610605299,1059.271594001692,1058.6715940016918,770.6589431677728
61.5419370060724,1059.8988649017112,1059.298864901711,770.7862140677922
61.71288688454403,1060.569814780183,1059.9698147801828,770.9571639462639
61.61403426387212,1060.970962159511,1060.3709621595108,770.858311325592
62.069186372873624,1061.7709621595109,1061.1709621595107,771.3134634345935
61.86918637287362,1062.0457884092543,1061.4457884092542,771.1134634345934
61.994044694339195,1062.67064673072,1062.0706467307198,771.238321756059
62.333065496051304,1063.4706467307199,1062.8706467307197,771.5773425577711
62.46806935345005,1064.1056505881186,1063.5056505881184,771.7123464151698
62.268069353450045,1064.2285058230598,1063.6285058230596,771.5123464151698
62.42866987955491,1064.8891063491646,1064.2891063491645,771.6729469412746
62.32113379409202,1065.2815702637017,1064.6815702637016,771.5654108558117
62.54042067680666,1066.0008571464164,1065.4008571464162,771.7846977385263
62.34042067680666,1066.2734805914392,1065.673480591439,771.5846977385263
62.140420676806656,1066.5678282698022,1065.967828269802,771.3846977385263
61.94042067680665,1066.5132456198132,1065.913245619813,771.1846977385262
61.993089860456415,1067.065914803463,1066.465914803463,771.237366922176
61.79308986045641,1067.3653183620356,1066.7653183620355,771.0373669221759
61.76366959859473,1067.8358981001738,1067.2358981001737,771.0079466603142
61.56366959859473,1067.947136565615,1067.3471365656148,770.8079466603142
61.77931931487735,1068.6627862818975,1068.0627862818974,771.0235963765969
61.579319314877345,1068.9392846880344,1068.3392846880342,770.8235963765968
61.63772850371235,1069.4976938768693,1068.8976938768692,770.8820055654318
61.6569849568449,1070.016950330002,1069.4169503300018,770.9012620185644
61.62945921151039,1070.4894245846674,1069.8894245846673,770.8737362732298
61.55378709258238,1070.9137524657394,1070.3137524657393,770.7980641543019
61.58865580551897,1071.448621178676,1070.8486211786758,770.8329328672385
61.52424185056781,1071.8842072237248,1071.2842072237247,770.7685189122873
61.32424185056781,1071.9107718064563,1071.3107718064562,770.5685189122872
61.124241850567806,1072.1151369007716,1071.5151369007715,770.3685189122872
60.9242418505678,1072.3543905230226,1071.7543905230225,770.1685189122871
61.060903708374966,1072.9910523808298,1072.3910523808297,770.3051807700944
61.327675956843464,1073.7578246292983,1073.1578246292981,770.5719530185628
61.12767595684346,1073.971234461827,1073.3712344618268,770.3719530185627
60.92767595684346,1074.208420424068,1073.6084204240678,770.1719530185627
60.727675956843456,1074.2666192213426,1073.6666192213424,769.9719530185627
60.90887014463422,1074.9478134091335,1074.3478134091333,770.1531472063534
60.97773474124232,1075.5166780057416,1074.9166780057415,770.2220118029616
61.46957998999995,1076.3166780057416,1075.7166780057414,770.7138570517192
61.58732132181821,1076.9344193375598,1076.3344193375597,770.8315983835374
61.387321321818206,1077.135448184386,1076.5354481843858,770.6315983835374
61.527269935586666,1077.7753967981544,1077.1753967981542,770.7715469973058
61.33512599702642,1078.083252859594,1077.483252859594,770.5794030587456
61.39227692882576,1078.6404037913933,1078.0404037913931,770.6365539905449
61.29505982035929,1079.0431866829267,1078.4431866829266,770.5393368820785
61.63936723730399,1079.8431866829267,1079.2431866829265,770.8836442990232
61.61380440241382,1080.3176238480364,1079.7176238480363,770.8580814641331
62.41380440241382,1081.1176238480364,1080.5176238480362,771.658081464133
62.46987324986241,1081.673692695485,1081.0736926954849,771.7141503115816
62.95901522297695,1082.473692695485,1081.8736926954848,772.2032922846962
62.75901522297695,1082.6118943405208,1082.0118943405207,772.0032922846962
62.559015222976946,1082.8786721346914,1082.2786721346913,771.8032922846961
62.41901392838712,1083.2386708401016,1082.6386708401014,771.6632909901062
62.21901392838712,1083.2823689719537,1082.6823689719536,771.4632909901062
62.50368888463457,1084.0670439282012,1083.467043928201,771.7479659463537
62.30368888463457,1084.0428349688266,1083.4428349688264,771.5479659463537
62.103688884634565,1084.2631774995484,1083.6631774995483,771.3479659463536
62.174655470800246,1084.8341440857141,1084.234144085714,771.4189325325193
61.97465547080024,1084.9934580415593,1084.3934580415591,771.2189325325193
62.30654352452373,1085.7934580415592,1085.193458041559,771.5508205862427
62.55389777298203,1086.5408122900176,1085.9408122900174,771.7981748347011
62.736474689953944,1087.2233892069894,1086.6233892069893,771.980751751673
62.89516800237315,1087.8820825194086,1087.2820825194085,772.1394450640922
63.21213529520122,1088.6820825194086,1088.0820825194085,772.4564123569203
63.01213529520122,1088.81515759928,1088.2151575992798,772.2564123569202
63.089791615312166,1089.3928139193908,1088.7928139193907,772.3340686770312
62.984040124805105,1089.7870624288837,1089.1870624288836,772.2283171865241
63.15514553472921,1090.4581678388079,1089.8581678388077,772.3994225964482
63.701326524893766,1091.2581678388078,1090.6581678388077,772.9456035866127
63.62030931737634,1091.6771506312905,1091.0771506312904,772.8645863790953
64.19398581000227,1092.4771506312904,1091.8771506312903,773.4382628717212
64.21457602382792,1092.9977408451161,1092.397740845116,773.4588530855468
64.62507053547776,1093.797740845116,1093.197740845116,773.8693475971967
64.42507053547776,1093.701558045347,1093.1015580453468,773.6693475971966
64.22507053547776,1093.9281492286946,1093.3281492286944,773.4693475971966
64.19334439809631,1094.3964230913132,1093.796423091313,773.4376214598151
63.99334439809631,1094.5173110880169,1093.9173110880167,773.237621459815
64.24723919133604,1095.2712058812565,1094.6712058812564,773.4915162530548
64.08419537773501,1095.6081620676555,1095.0081620676553,773.3284724394538
63.9242522476194,1096.0482189375398,1095.4482189375397,773.7685293093382
63.7450462232193,1096.4690129131397,1095.8690129131396,774.189323284938
63.545046223219295,1096.5873068631076,1095.9873068631075,774.307617234906
63.34504622321929,1096.8675592322736,1096.2675592322735,774.5878696040721
63.158429124371786,1097.2809421334262,1096.680942133426,775.0012525052247
63.554895355240276,1098.080942133426,1097.480942133426,775.8012525052246
63.742909243824116,1098.86895602201,1098.26895602201,776.5892663938084
63.67972192390283,1099.4057687020888,1098.8057687020887,777.1260790738871
63.551710211619834,1099.877756989806,1099.2777569898058,777.5980673616041
63.790771329022014,1100.6777569898059,1100.0777569898057,778.398067361604
63.59077132902201,1100.4777569898058,1099.8777569898057,778.198067361604
63.39077132902201,1100.5228387732298,1099.9228387732296,778.2431491450279
63.190771329022006,1100.842203277112,1100.242203277112,778.5625136489102
63.069160270636885,1101.320592218727,1100.7205922187268,779.0409025905251
63.03282296160723,1101.8842549096973,1101.2842549096972,779.6045652814954
63.218398499613905,1102.669830447704,1102.069830447704,780.3901408195021
63.095154344058244,1103.1465862921484,1102.5465862921483,780.8668966639465
62.91782858201542,1103.5692605301056,1102.9692605301054,781.2895709019036
63.1903567546599,1104.3692605301055,1103.7692605301054,782.0895709019036
62.9903567546599,1104.769007604932,1104.169007604932,782.4893179767301
62.936934469307324,1105.3155853195794,1104.7155853195793,783.0358956913776
